filepath,sentence
audio_data_aug/train/wavs/noise-B02___03_Mark________ISLICEN1DA_40.wav,fær það heimili eigi staðist
audio_data_aug/train/wavs/noise-B06___04_Romans______ISLICEN1DA_19.wav,hann var óumskorinn hann fékk umskurnina sem tákn innsigli
audio_data_aug/train/wavs/noise-B01___25_Matthew_____ISLICEN1DA_50.wav,í fangelsi var ég og þér komuð til mín
audio_data_aug/train/wavs/noise-B01___14_Matthew_____ISLICEN1DA_09.wav,konungur varð hryggur við en vegna eiðsins og gesta sinna bauð hann að veita henni þetta hann sendi böðla í fangelsið
audio_data_aug/train/wavs/noise-B15___05_1Timothy____ISLICEN1DA_04.wav,þá læri þau fyrst og fremst að sýna rækt eigin heimili og endurgjalda foreldrum sínum
audio_data_aug/train/wavs/noise-B08___07_2CorinthiansISLICEN1DA_03.wav,engum hef ég gert rangt til engan skaðað engan féflett
audio_data_aug/train/wavs/noise-B01___11_Matthew_____ISLICEN1DA_48.wav,og byrði mín létt
audio_data_aug/train/wavs/noise-B01___26_Matthew_____ISLICEN1DA_49.wav,jesús sagði við hann sannlega segi ég þér á þessari nóttu áður en hani galar
audio_data_aug/train/wavs/noise-B05___20_Acts________ISLICEN1DA_61.wav,vakið því og minnist þess
audio_data_aug/train/wavs/noise-B01___10_Matthew_____ISLICEN1DA_23.wav,en þá er menn draga yður fyrir rétt skuluð þér ekki hafa áhyggjur af því hvernig eða hvað þér eigið að tala
audio_data_aug/train/wavs/noise-B04___06_John________ISLICEN1DA_141.wav,ætlið þið að fara líka
audio_data_aug/train/wavs/noise-B27___04_Revelation__ISLICEN1DA_09.wav,í þeim sátu tuttugu og fjórir öldungar skrýddir hvítum klæðum og voru gullkórónur á höfðum þeirra
audio_data_aug/train/wavs/noise-B01___09_Matthew_____ISLICEN1DA_63.wav,þá sagði hann við lærisveina sína uppskeran er mikil en verkamenn fáir
audio_data_aug/train/wavs/noise-B03___20_Luke________ISLICEN1DA_53.wav,gjaldið þá keisaranum það sem keisarans er og guði það sem guðs er
audio_data_aug/train/wavs/noise-B05___13_Acts________ISLICEN1DA_65.wav,hefur hann talað þannig
audio_data_aug/train/wavs/noise-B05___25_Acts________ISLICEN1DA_48.wav,hinn svaraði
audio_data_aug/train/wavs/noise-B23___05_1John_______ISLICEN1DA_25.wav,og þetta er vitnisburðurinn guð
audio_data_aug/train/wavs/noise-B08___01_2CorinthiansISLICEN1DA_36.wav,hugðist bæði koma við hjá ykkur á leiðinni til makedóníu og aftur á leiðinni
audio_data_aug/train/wavs/noise-B01___26_Matthew_____ISLICEN1DA_50.wav,muntu þrisvar afneita mér
audio_data_aug/train/wavs/noise-B21___04_1Peter______ISLICEN1DA_30.wav,sæl eruð þið þegar menn smána ykkur vegna nafns krists
audio_data_aug/train/wavs/noise-B03___24_Luke________ISLICEN1DA_29.wav,sagði við hann
audio_data_aug/train/wavs/noise-B19___04_Hebrews_____ISLICEN1DA_14.wav,þeir sem áður fengu fagnaðarerindið gengu ekki inn sakir óhlýðni
audio_data_aug/train/wavs/noise-B09___03_Galatians___ISLICEN1DA_47.wav,er þá lögmálið gegn fyrirheitum guðs
audio_data_aug/train/wavs/noise-B03___21_Luke________ISLICEN1DA_70.wav,á daginn var jesús að kenna í helgidóminum en fór og dvaldist um nætur á olíufjallinu
audio_data_aug/train/wavs/noise-B17___02_Titus_______ISLICEN1DA_01.wav,en tala þú það sem sæmir hinni heilnæmu kenningu
audio_data_aug/train/wavs/noise-B04___09_John________ISLICEN1DA_45.wav,hvernig getur syndugur maður gert þvílík
audio_data_aug/train/wavs/noise-B03___04_Luke________ISLICEN1DA_76.wav,og báðu þeir hann að hjálpa henni
audio_data_aug/train/wavs/noise-B03___16_Luke________ISLICEN1DA_38.wav,enginn þjónn getur þjónað tveimur herrum
audio_data_aug/train/wavs/noise-B01___10_Matthew_____ISLICEN1DA_39.wav,mun og ég við kannast fyrir föður mínum á himnum en þeim sem afneitar mér fyrir mönnum mun og ég afneita fyrir föður mínum á himnum
audio_data_aug/train/wavs/noise-B05___19_Acts________ISLICEN1DA_63.wav,er þeir heyrðu þetta urðu þeir afar reiðir og æptu
audio_data_aug/train/wavs/noise-B03___08_Luke________ISLICEN1DA_67.wav,og slotaði þegar og gerði logn
audio_data_aug/train/wavs/noise-B08___11_2CorinthiansISLICEN1DA_16.wav,og er ég var hjá ykkur og leið þröng varð ég þó ekki neinum til byrði því að úr skorti mínum bættu bræðurnir er komu frá makedóníu
audio_data_aug/train/wavs/noise-B04___04_John________ISLICEN1DA_118.wav,hann spurði þá hvenær honum hefði farið að létta
audio_data_aug/train/wavs/noise-B23___03_1John_______ISLICEN1DA_03.wav,heimurinn þekkir okkur ekki vegna þess að hann þekkti hann ekki
audio_data_aug/train/wavs/noise-B21___01_1Peter______ISLICEN1DA_09.wav,og veitt oss óforgengilega flekklausa og ófölnandi arfleifð
audio_data_aug/train/wavs/noise-B04___21_John________ISLICEN1DA_15.wav,jesús segir við þá
audio_data_aug/train/wavs/noise-B08___02_2CorinthiansISLICEN1DA_28.wav,og til þeirra sem glatast
audio_data_aug/train/wavs/noise-B01___11_Matthew_____ISLICEN1DA_05.wav,koma skal eða eigum við að vænta annars
audio_data_aug/train/wavs/noise-B04___09_John________ISLICEN1DA_46.wav,tákn
audio_data_aug/train/wavs/noise-B06___11_Romans______ISLICEN1DA_66.wav,nokkur hluti ísraels er forhertur orðinn og það varir uns allir heiðingjar eru komnir inn
audio_data_aug/train/wavs/noise-B06___02_Romans______ISLICEN1DA_21.wav,allir sem syndgað hafa án þess að þekkja lögmál munu og tortímast án lögmáls
audio_data_aug/train/wavs/noise-B05___06_Acts________ISLICEN1DA_21.wav,þeir æstu upp fólkið öldungana og fræðimennina og þeir veittust að honum gripu hann
audio_data_aug/train/wavs/noise-B05___21_Acts________ISLICEN1DA_18.wav,hann átti fjórar ógiftar dætur gæddar spádómsgáfu þegar við höfðum dvalist þar nokkra daga
audio_data_aug/train/wavs/noise-B06___14_Romans______ISLICEN1DA_35.wav,guðs ríki er ekki matur og drykkur heldur réttlæti
audio_data_aug/train/wavs/noise-B02___01_Mark________ISLICEN1DA_08.wav,en jóhannes var í klæðum úr úlfaldahári með leðurbelti um lendar sér
audio_data_aug/train/wavs/noise-B04___08_John________ISLICEN1DA_151.wav,sannlega sannlega segi ég yður
audio_data_aug/train/wavs/noise-B03___22_Luke________ISLICEN1DA_131.wav,og drottinn vék sér við og leit til péturs
audio_data_aug/train/wavs/noise-B01___24_Matthew_____ISLICEN1DA_65.wav,verið þér og viðbúin því að mannssonurinn kemur á þeirri stundu sem þér ætlið eigi
audio_data_aug/train/wavs/noise-B03___12_Luke________ISLICEN1DA_45.wav,og ég segi við sálu mína
audio_data_aug/train/wavs/noise-B05___02_Acts________ISLICEN1DA_77.wav,því að ykkur er ætlað fyrirheitið börnum ykkar og öllum þeim sem í fjarlægð eru
audio_data_aug/train/wavs/noise-B02___10_Mark________ISLICEN1DA_78.wav,hinir tíu heyrðu þetta gramdist þeim við þá jakob og jóhannes en jesús kallaði þá til sín og mælti
audio_data_aug/train/wavs/noise-B11___02_Philippians_ISLICEN1DA_22.wav,því að það er guð sem verkar í ykkur bæði að vilja og að framkvæma sér til velþóknunar
audio_data_aug/train/wavs/noise-B07___01_1CorinthiansISLICEN1DA_13.wav,hann mun einnig styrkja ykkur allt til enda og gera ykkur óaðfinnanleg á degi drottins vors jesú krists
audio_data_aug/train/wavs/noise-B05___09_Acts________ISLICEN1DA_10.wav,hver ert þú drottinn
audio_data_aug/train/wavs/noise-B05___09_Acts________ISLICEN1DA_25.wav,og leggja hendur yfir sig til þess að hann fái aftur sjón
audio_data_aug/train/wavs/noise-B04___10_John________ISLICEN1DA_99.wav,segið þér þá við mig sem faðirinn helgaði og sendi í heiminn
audio_data_aug/train/wavs/noise-B01___05_Matthew_____ISLICEN1DA_53.wav,betra er þér að einn lima þinna glatist en öllum líkama þínum verði kastað
audio_data_aug/train/wavs/noise-B23___02_1John_______ISLICEN1DA_25.wav,ég rita ykkur börnin mín af því að guð hefur fyrirgefið ykkur syndir ykkar
audio_data_aug/train/wavs/noise-B15___01_1Timothy____ISLICEN1DA_01.wav,páll postuli
audio_data_aug/train/wavs/noise-B04___07_John________ISLICEN1DA_46.wav,jesús svaraði því
audio_data_aug/train/wavs/noise-B07___08_1CorinthiansISLICEN1DA_12.wav,til og einn drottin jesú krist sem allt varð til fyrir
audio_data_aug/train/wavs/noise-B04___09_John________ISLICEN1DA_75.wav,að ég sem var blindur er nú sjáandi
audio_data_aug/train/wavs/noise-B03___07_Luke________ISLICEN1DA_117.wav,símon svaraði
audio_data_aug/train/wavs/noise-B19___06_Hebrews_____ISLICEN1DA_34.wav,mikil uppörvun fyrir okkur sem höfum leitað athvarfs í þeirri sælu von sem við eigum
audio_data_aug/train/wavs/noise-B04___13_John________ISLICEN1DA_37.wav,og því sagði hann þið eruð ekki allir hreinir
audio_data_aug/train/wavs/noise-B05___22_Acts________ISLICEN1DA_61.wav,þegar hundraðshöfðinginn heyrði þetta fór hann til hersveitarforingjans
audio_data_aug/train/wavs/noise-B04___10_John________ISLICEN1DA_69.wav,ég hef sagt yður það
audio_data_aug/train/wavs/noise-B01___07_Matthew_____ISLICEN1DA_13.wav,barni sínu stein er það biður um brauð
audio_data_aug/train/wavs/noise-B03___18_Luke________ISLICEN1DA_74.wav,nú förum við upp til jerúsalem og mun allt það koma fram sem spámennirnir hafa skrifað um mannssoninn
audio_data_aug/train/wavs/noise-B04___10_John________ISLICEN1DA_28.wav,er kominn til þess
audio_data_aug/train/wavs/noise-B03___20_Luke________ISLICEN1DA_56.wav,þá komu nokkrir saddúkear en þeir neita því að upprisa sé til og sögðu við jesú
audio_data_aug/train/wavs/noise-B01___02_Matthew_____ISLICEN1DA_29.wav,nú rættist það sem jeremía spámaður hafði sagt fyrir um rödd
audio_data_aug/train/wavs/noise-B04___10_John________ISLICEN1DA_43.wav,ég á líka aðra sauði sem eru ekki úr þessu sauðabyrgi
audio_data_aug/train/wavs/noise-B19___03_Hebrews_____ISLICEN1DA_24.wav,gætið þess bræður og systur
audio_data_aug/train/wavs/noise-B03___11_Luke________ISLICEN1DA_74.wav,varðveita það
audio_data_aug/train/wavs/noise-B05___23_Acts________ISLICEN1DA_10.wav,páll svaraði
audio_data_aug/train/wavs/noise-B05___28_Acts________ISLICEN1DA_29.wav,þeir yfirheyrðu mig og vildu láta mig lausan af því að á mér hvíldi engin dauðasök
audio_data_aug/train/wavs/noise-B22___01_2Peter______ISLICEN1DA_33.wav,þessi er minn elskaði sonur sem ég hef velþóknun á
audio_data_aug/train/wavs/noise-B02___14_Mark________ISLICEN1DA_06.wav,hún braut buðkinn og hellti yfir höfuð honum
audio_data_aug/train/wavs/noise-B07___03_1CorinthiansISLICEN1DA_06.wav,er metingur og deilur á milli ykkar
audio_data_aug/train/wavs/noise-B03___08_Luke________ISLICEN1DA_146.wav,en þeir hlógu að honum þar eð þeir vissu að hún var dáin
audio_data_aug/train/wavs/noise-B25___01_3John_______ISLICEN1DA_16.wav,þess vegna ætla ég ef ég kem að benda á gjörðir hans hvernig hann lætur ófrægja mig með ljótum orðum
audio_data_aug/train/wavs/noise-B06___05_Romans______ISLICEN1DA_23.wav,þannig er dauðinn runninn til allra manna því að allir syndguðu þeir
audio_data_aug/train/wavs/noise-B09___06_Galatians___ISLICEN1DA_19.wav,sjáið með hversu stórum stöfum ég skrifa ykkur með eigin hendi
audio_data_aug/train/wavs/noise-B05___23_Acts________ISLICEN1DA_09.wav,smánar þú æðsta prest guðs
audio_data_aug/train/wavs/noise-B05___19_Acts________ISLICEN1DA_81.wav,þið hafið dregið þessa menn hingað þótt þeir hafi hvorki framið helgispjöll né lastmælt gyðju okkar
audio_data_aug/train/wavs/noise-B01___26_Matthew_____ISLICEN1DA_17.wav,þá fór einn þeirra tólf júdas ískaríot að nafni til æðstu prestanna
audio_data_aug/train/wavs/noise-B05___17_Acts________ISLICEN1DA_19.wav,slepptu þeir ekki þeim jasoni fyrr en þeir höfðu látið þá setja tryggingu
audio_data_aug/train/wavs/noise-B07___12_1CorinthiansISLICEN1DA_54.wav,nei
audio_data_aug/train/wavs/noise-B07___14_1CorinthiansISLICEN1DA_10.wav,ég vildi að þið töluðuð öll tungum en þó enn framar að þið hefðuð spámannlega gáfu
audio_data_aug/train/wavs/noise-B12___04_Colossians__ISLICEN1DA_05.wav,hans vegna er ég nú í böndum
audio_data_aug/train/wavs/noise-B03___03_Luke________ISLICEN1DA_86.wav,sonar arpaksads sonar sems sonar nóa
audio_data_aug/train/wavs/noise-B20___02_James_______ISLICEN1DA_19.wav,boðorð þess
audio_data_aug/train/wavs/noise-B03___07_Luke________ISLICEN1DA_80.wav,á ég þá að líkja mönnum þessarar kynslóðar
audio_data_aug/train/wavs/noise-B12___02_Colossians__ISLICEN1DA_29.wav,slíkt er aðeins skuggi þess sem koma átti
audio_data_aug/train/wavs/noise-B21___02_1Peter______ISLICEN1DA_45.wav,heldur fól það honum á vald sem dæmir réttvíslega
audio_data_aug/train/wavs/noise-B06___10_Romans______ISLICEN1DA_09.wav,en réttlætið af trúnni mælir þannig
audio_data_aug/train/wavs/noise-B17___01_Titus_______ISLICEN1DA_08.wav,lét þig eftir á krít til þess að þú færðir í lag það sem ógert var og skipaðir öldunga í hverri borg
audio_data_aug/train/wavs/noise-B18___01_Philemon____ISLICEN1DA_11.wav,þótt ég gæti með fullri djörfung í kristi boðið þér að gera það sem skylt er
audio_data_aug/train/wavs/noise-B04___05_John________ISLICEN1DA_57.wav,að hafa líf í sjálfum sér og hann hefur veitt honum vald til að halda
audio_data_aug/train/wavs/noise-B01___15_Matthew_____ISLICEN1DA_51.wav,ég kenni í brjósti um mannfjöldann
audio_data_aug/train/wavs/noise-B05___26_Acts________ISLICEN1DA_07.wav,því bið ég þig að hlýða þolinmóður á mig
audio_data_aug/train/wavs/noise-B04___04_John________ISLICEN1DA_30.wav,gef mér þetta vatn svo að mig þyrsti ekki
audio_data_aug/train/wavs/noise-B02___06_Mark________ISLICEN1DA_10.wav,og eru ekki systur hans hér hjá okkur
audio_data_aug/train/wavs/noise-B02___02_Mark________ISLICEN1DA_15.wav,en til þess að þið vitið að mannssonurinn hefur vald til að fyrirgefa syndir á jörðu
audio_data_aug/train/wavs/noise-B03___18_Luke________ISLICEN1DA_31.wav,því að hver sem upp hefur sjálfan sig
audio_data_aug/train/wavs/noise-B27___16_Revelation__ISLICEN1DA_32.wav,sjöundi engillinn hellti úr sinni skál yfir loftið og raust mikil kom út úr musterinu
audio_data_aug/train/wavs/noise-B06___16_Romans______ISLICEN1DA_36.wav,sem illt er
audio_data_aug/train/wavs/noise-B02___13_Mark________ISLICEN1DA_46.wav,ég hef sagt yður allt fyrir
audio_data_aug/train/wavs/noise-B17___01_Titus_______ISLICEN1DA_16.wav,hann á að vera fastheldinn við hið áreiðanlega orð sem kennt hefur verið til þess að hann sé fær um
audio_data_aug/train/wavs/noise-B04___21_John________ISLICEN1DA_27.wav,þegar þeir stigu á land sáu þeir fisk lagðan á glóðir
audio_data_aug/train/wavs/noise-B08___01_2CorinthiansISLICEN1DA_30.wav,hefur stjórnast af hreinskilni og einlægni sem kemur frá guði ekki af mannlegri speki
audio_data_aug/train/wavs/noise-B05___18_Acts________ISLICEN1DA_20.wav,þagna ekki
audio_data_aug/train/wavs/noise-B05___08_Acts________ISLICEN1DA_47.wav,hann hafði farið til jerúsalem til að biðjast fyrir og var á heimleið
audio_data_aug/train/wavs/noise-B27___01_Revelation__ISLICEN1DA_12.wav,hann elskar oss og leysti oss frá syndum vorum með blóði sínu og
audio_data_aug/train/wavs/noise-B07___16_1CorinthiansISLICEN1DA_03.wav,hvern fyrsta dag vikunnar skal hvert ykkar leggja í sjóð heima hjá sér það sem efni leyfa
audio_data_aug/train/wavs/noise-B02___02_Mark________ISLICEN1DA_46.wav,á hvíldardegi
audio_data_aug/train/wavs/noise-B05___19_Acts________ISLICEN1DA_85.wav,en ef þið hafið annars að krefja má gera út um það á löglegu þingi
audio_data_aug/train/wavs/noise-B02___16_Mark________ISLICEN1DA_38.wav,þegar nú drottinn jesús hafði talað við þá var hann upp numinn til himins
audio_data_aug/train/wavs/noise-B06___07_Romans______ISLICEN1DA_01.wav,þið vitið systkin
audio_data_aug/train/wavs/noise-B03___16_Luke________ISLICEN1DA_70.wav,en hann sagði
audio_data_aug/train/wavs/noise-B02___09_Mark________ISLICEN1DA_57.wav,en þeir skildu ekki það sem hann sagði og þorðu ekki að spyrja hann
audio_data_aug/train/wavs/noise-B02___08_Mark________ISLICEN1DA_67.wav,og hann lagði ríkt á við þá að segja engum frá sér
audio_data_aug/train/wavs/noise-B05___09_Acts________ISLICEN1DA_51.wav,en lærisveinarnir tóku hann um nótt og komu honum út fyrir borgarmúrinn með því að láta hann síga ofan
audio_data_aug/train/wavs/noise-B05___15_Acts________ISLICEN1DA_65.wav,eftir nokkra daga sagði páll við barnabas
audio_data_aug/train/wavs/noise-B04___18_John________ISLICEN1DA_78.wav,ekki er ég
audio_data_aug/train/wavs/noise-B16___04_2Timothy____ISLICEN1DA_03.wav,prédika þú orðið
audio_data_aug/train/wavs/noise-B27___13_Revelation__ISLICEN1DA_12.wav,og því var gefinn munnur er mælti gífuryrði og guðlast og leyft að fara því fram
audio_data_aug/train/wavs/noise-B05___22_Acts________ISLICEN1DA_12.wav,í böndum til jerúsalem að þeim yrði refsað
audio_data_aug/train/wavs/noise-B27___17_Revelation__ISLICEN1DA_26.wav,og dýrið sem var en er ekki er einmitt hinn áttundi
audio_data_aug/train/wavs/noise-B27___12_Revelation__ISLICEN1DA_36.wav,fjarri augsýn höggormsins
audio_data_aug/train/wavs/noise-B04___07_John________ISLICEN1DA_47.wav,eitt verk gerði ég
audio_data_aug/train/wavs/noise-B15___01_1Timothy____ISLICEN1DA_24.wav,orð er satt og í alla staði þess vert að við því sé tekið að kristur jesús kom í heiminn
audio_data_aug/train/wavs/noise-B05___09_Acts________ISLICEN1DA_57.wav,í damaskus dvaldist sál nú með þeim í jerúsalem
audio_data_aug/train/wavs/noise-B04___19_John________ISLICEN1DA_125.wav,og hann veit að hann segir satt
audio_data_aug/train/wavs/noise-B10___01_Ephesians___ISLICEN1DA_34.wav,en kirkjan er líkami hans og fyllist af honum sem sjálfur fyllir allt
audio_data_aug/train/wavs/noise-B04___19_John________ISLICEN1DA_133.wav,pílatus leyfði það
audio_data_aug/train/wavs/noise-B07___13_1CorinthiansISLICEN1DA_40.wav,en nú varir trú von og kærleikur þetta
audio_data_aug/train/wavs/noise-B02___03_Mark________ISLICEN1DA_17.wav,kom til hans fjöldi manna er heyrt höfðu hve mikið hann gerði
audio_data_aug/train/wavs/noise-B11___01_Philippians_ISLICEN1DA_07.wav,ég fulltreysti einmitt því að hann sem byrjaði í ykkur góða verkið
audio_data_aug/train/wavs/noise-B16___01_2Timothy____ISLICEN1DA_24.wav,og ég er sannfærður um að hann er þess megnugur að varðveita það sem mér er trúað fyrir
audio_data_aug/train/wavs/noise-B02___01_Mark________ISLICEN1DA_44.wav,hann kennir á nýjan hátt það er eins og hann búi yfir guðlegum mætti hann skipar jafnvel óhreinum öndum
audio_data_aug/train/wavs/noise-B03___16_Luke________ISLICEN1DA_64.wav,og kæli tungu mína því að ég kvelst í þessum loga
audio_data_aug/train/wavs/noise-B01___11_Matthew_____ISLICEN1DA_33.wav,en ég segi ykkur týrus og sídon mun bærilegra á dómsdegi en ykkur
audio_data_aug/train/wavs/noise-B01___05_Matthew_____ISLICEN1DA_52.wav,ríf það úr og kasta frá þér
audio_data_aug/train/wavs/noise-B04___08_John________ISLICEN1DA_122.wav,menn sögðu við hann
audio_data_aug/train/wavs/noise-B05___23_Acts________ISLICEN1DA_02.wav,góðir menn og bræður ég
audio_data_aug/train/wavs/noise-B04___01_John________ISLICEN1DA_10.wav,ekki var hann ljósið hann kom til að vitna um ljósið hið sanna ljós
audio_data_aug/train/wavs/noise-B06___08_Romans______ISLICEN1DA_04.wav,það sem lögmálinu var ógerlegt
audio_data_aug/train/wavs/noise-B02___09_Mark________ISLICEN1DA_36.wav,þeir færðu hann þá til jesú en um leið og andinn sá hann teygði hann drenginn ákaflega
audio_data_aug/train/wavs/noise-B04___08_John________ISLICEN1DA_88.wav,skilja að ég er sá sem ég
audio_data_aug/train/wavs/noise-B06___09_Romans______ISLICEN1DA_06.wav,helgihaldið og fyrirheitin
audio_data_aug/train/wavs/noise-B13___05_1Thess______ISLICEN1DA_06.wav,og þeir munu alls ekki undan komast en þið systkin eruð ekki
audio_data_aug/train/wavs/noise-B03___15_Luke________ISLICEN1DA_11.wav,þannig verður meiri fögnuður á himni yfir einum syndara sem tekur sinnaskiptum
audio_data_aug/train/wavs/noise-B01___20_Matthew_____ISLICEN1DA_41.wav,og sá sem vill fremstur vera meðal ykkar sé þræll ykkar mannssonurinn er ekki kominn til þess að láta þjóna sér
audio_data_aug/train/wavs/noise-B03___14_Luke________ISLICEN1DA_12.wav,jesús gaf því gætur hvernig boðsgestir völdu sér hefðarsætin tók dæmi
audio_data_aug/train/wavs/noise-B01___10_Matthew_____ISLICEN1DA_27.wav,allir munu hata yður af því að þér trúið á mig en sá sem staðfastur er allt
audio_data_aug/train/wavs/noise-B01___01_Matthew_____ISLICEN1DA_02.wav,abraham gat ísak ísak gat jakob jakob gat júda og bræður hans
audio_data_aug/train/wavs/noise-B02___16_Mark________ISLICEN1DA_09.wav,þér leitið að jesú frá nasaret hinum krossfesta
audio_data_aug/train/wavs/noise-B08___04_2CorinthiansISLICEN1DA_28.wav,allt er þetta ykkar vegna til þess að náðin verði sem mest og láti sem flesta flytja þakkargjörð
audio_data_aug/train/wavs/noise-B04___17_John________ISLICEN1DA_22.wav,ég bið ekki fyrir heiminum heldur fyrir þeim sem þú hefur gefið mér því að þeir eru þínir
audio_data_aug/train/wavs/noise-B07___10_1CorinthiansISLICEN1DA_14.wav,á einum degi
audio_data_aug/train/wavs/noise-B03___18_Luke________ISLICEN1DA_04.wav,lát þú mig ná rétti á mótstöðumanni mínum
audio_data_aug/train/wavs/noise-B13___05_1Thess______ISLICEN1DA_16.wav,hvetjið því og uppbyggið hvert annað eins og þið og gerið ég
audio_data_aug/train/wavs/noise-B11___01_Philippians_ISLICEN1DA_38.wav,þá kem ég aftur til ykkar og þið finnið enn betur hvílík upphefð það er að fylgja
audio_data_aug/train/wavs/noise-B13___05_1Thess______ISLICEN1DA_22.wav,takið að ykkur óstyrka verið þolinmóð við alla
audio_data_aug/train/wavs/noise-B03___06_Luke________ISLICEN1DA_55.wav,en ég segi yður er á mig hlýðið
audio_data_aug/train/wavs/noise-B01___11_Matthew_____ISLICEN1DA_21.wav,allt fram að jóhannesi sögðu fyrir um þetta og ef þér viljið við því taka þá er hann elía
audio_data_aug/train/wavs/noise-B04___05_John________ISLICEN1DA_48.wav,heldur hefur hann falið syninum allt dómsvald svo að allir heiðri soninn eins og þeir heiðra föðurinn
audio_data_aug/train/wavs/noise-B07___10_1CorinthiansISLICEN1DA_22.wav,guð er trúr og lætur ekki reyna ykkur um megn fram heldur mun hann
audio_data_aug/train/wavs/noise-B01___21_Matthew_____ISLICEN1DA_57.wav,seldi hann síðan vínyrkjum á leigu og fór úr landi
audio_data_aug/train/wavs/noise-B03___01_Luke________ISLICEN1DA_52.wav,og á ríki hans mun enginn endir verða
audio_data_aug/train/wavs/noise-B04___06_John________ISLICEN1DA_02.wav,mikill fjöldi manna fylgdi honum því þeir sáu þau tákn er hann gerði á sjúku fólki
audio_data_aug/train/wavs/noise-B02___05_Mark________ISLICEN1DA_38.wav,þar var kona sem hafði haft blóðlát í tólf ár hún hafði orðið margt að þola hjá mörgum læknum
audio_data_aug/train/wavs/noise-B09___04_Galatians___ISLICEN1DA_34.wav,þangað til kristur er myndaður í ykkur
audio_data_aug/train/wavs/noise-B23___02_1John_______ISLICEN1DA_24.wav,og veit ekki hvert hann fer því að myrkrið hefur blindað augu hans
audio_data_aug/train/wavs/noise-B03___08_Luke________ISLICEN1DA_18.wav,en sumt féll í góða jörð óx upp og bar hundraðfaldan ávöxt
audio_data_aug/train/wavs/noise-B04___14_John________ISLICEN1DA_04.wav,væri ekki svo hefði ég þá sagt yður að ég færi burt að búa yður stað þegar
audio_data_aug/train/wavs/noise-B04___08_John________ISLICEN1DA_134.wav,girnist
audio_data_aug/train/wavs/noise-B03___08_Luke________ISLICEN1DA_137.wav,óttast ekki
audio_data_aug/train/wavs/noise-B23___04_1John_______ISLICEN1DA_58.wav,að sá sem elskar guð á einnig að elska bróður sinn og systur
audio_data_aug/train/wavs/noise-B27___02_Revelation__ISLICEN1DA_41.wav,ég þekki verkin þín elsku þína og trú þjónustu þína og þolgæði og veit að hin síðari verk þín eru meiri en hin fyrri
audio_data_aug/train/wavs/noise-B05___15_Acts________ISLICEN1DA_75.wav,fór hann um sýrland og kilikíu og styrkti söfnuðina
audio_data_aug/train/wavs/noise-B27___18_Revelation__ISLICEN1DA_32.wav,kaupmennirnir sem seldu þessa hluti og auðguðust á henni munu standa álengdar af ótta yfir kvöl hennar
audio_data_aug/train/wavs/noise-B03___23_Luke________ISLICEN1DA_23.wav,lagði yfir hann skínandi klæði og sendi hann aftur til pílatusar
audio_data_aug/train/wavs/noise-B01___15_Matthew_____ISLICEN1DA_03.wav,hann svaraði þeim hvers vegna brjótið þið sjálfir boðorð guðs sakir erfikenningar ykkar
audio_data_aug/train/wavs/noise-B05___05_Acts________ISLICEN1DA_25.wav,allur söfnuðurinn kom einum huga saman í súlnagöngum salómons
audio_data_aug/train/wavs/noise-B03___05_Luke________ISLICEN1DA_44.wav,og kraftur drottins var með honum til að lækna
audio_data_aug/train/wavs/noise-B10___02_Ephesians___ISLICEN1DA_19.wav,þið voruð upprunalega heiðingjar og kallaðir óumskornir af mönnum sem kalla sig umskorna og eru umskornir á holdi
audio_data_aug/train/wavs/noise-B20___01_James_______ISLICEN1DA_02.wav,heilsar þeim tólf kynkvíslum í dreifingunni
audio_data_aug/train/wavs/noise-WIKITONGUES_Ljoni_speaking_Icelandic_27.wav,maður getur bara sagt hvað sem maður vill það kann hvort sem er enginn góða íslensku lengur
audio_data_aug/train/wavs/noise-B17___02_Titus_______ISLICEN1DA_03.wav,heilbrigðir í trúnni kærleikanum og þolgæðinu
audio_data_aug/train/wavs/noise-B06___11_Romans______ISLICEN1DA_20.wav,hlotnaðist það
audio_data_aug/train/wavs/noise-B01___05_Matthew_____ISLICEN1DA_63.wav,en ég segi yður að þér eigið alls ekki að sverja hvorki við himininn
audio_data_aug/train/wavs/noise-B04___03_John________ISLICEN1DA_21.wav,svo er um þann sem af andanum er fæddur
audio_data_aug/train/wavs/noise-B03___10_Luke________ISLICEN1DA_32.wav,hefðu þær löngu iðrast og setið í sekk og ösku
audio_data_aug/train/wavs/noise-B19___09_Hebrews_____ISLICEN1DA_61.wav,en nú hefur hann birst í eitt skipti fyrir öll við endi aldanna til að afmá syndina með fórn sinni
audio_data_aug/train/wavs/noise-B03___02_Luke________ISLICEN1DA_75.wav,hlýddi á þá og spurði þá
audio_data_aug/train/wavs/noise-B06___01_Romans______ISLICEN1DA_41.wav,heldur fylltu þeir hugann af hégiljum og skynlaust hjarta þeirra hjúpaðist myrkri
audio_data_aug/train/wavs/noise-B08___12_2CorinthiansISLICEN1DA_32.wav,þennan órétt
audio_data_aug/train/wavs/noise-B10___01_Ephesians___ISLICEN1DA_21.wav,hann er pantur arfleifðar vorrar að vér verðum endurleyst guði til eignar
audio_data_aug/train/wavs/noise-B06___10_Romans______ISLICEN1DA_51.wav,vekja vil ég ykkur til afbrýði gegn þjóð sem er ekki þjóð
audio_data_aug/train/wavs/noise-B02___13_Mark________ISLICEN1DA_70.wav,það sem ég segi yður það segi ég öllum
audio_data_aug/train/wavs/noise-B02___05_Mark________ISLICEN1DA_05.wav,og sleit fjötrana og gat enginn ráðið við hann
audio_data_aug/train/wavs/noise-B07___11_1CorinthiansISLICEN1DA_58.wav,ef
audio_data_aug/train/wavs/noise-B27___03_Revelation__ISLICEN1DA_31.wav,og nafnið mitt hið nýja
audio_data_aug/train/wavs/noise-B04___11_John________ISLICEN1DA_02.wav,þorpi maríu og mörtu systur hennar
audio_data_aug/train/wavs/noise-B07___15_1CorinthiansISLICEN1DA_47.wav,er lagði alla hluti undir hann svo að guð verði allt í öllu
audio_data_aug/train/wavs/noise-B05___04_Acts________ISLICEN1DA_29.wav,við getum ekki neitað því
audio_data_aug/train/wavs/noise-B07___14_1CorinthiansISLICEN1DA_33.wav,ég vil einnig lofsyngja með skilningi
audio_data_aug/train/wavs/noise-B04___11_John________ISLICEN1DA_30.wav,og sagði síðan við þá
audio_data_aug/train/wavs/noise-B05___21_Acts________ISLICEN1DA_79.wav,þegar komið var að þrepunum urðu hermennirnir að bera hann vegna ofsans í fólkinu
audio_data_aug/train/wavs/noise-B01___12_Matthew_____ISLICEN1DA_51.wav,né í hinum komanda
audio_data_aug/train/wavs/noise-B03___18_Luke________ISLICEN1DA_98.wav,trú þín hefur bjargað þér
audio_data_aug/train/wavs/noise-B03___23_Luke________ISLICEN1DA_31.wav,en skylt var honum að gefa þeim lausan einn bandingja á hverri hátíð
audio_data_aug/train/wavs/noise-B04___07_John________ISLICEN1DA_62.wav,þegar kristur kemur veit enginn hvaðan hann er
audio_data_aug/train/wavs/noise-B04___21_John________ISLICEN1DA_41.wav,og tekur brauðið
audio_data_aug/train/wavs/noise-B10___02_Ephesians___ISLICEN1DA_22.wav,þið stóðuð fyrir utan sáttmálana og fyrirheit guðs vonlausir og guðvana í heiminum
audio_data_aug/train/wavs/noise-B04___17_John________ISLICEN1DA_19.wav,að ég er frá þér út genginn
audio_data_aug/train/wavs/noise-B06___16_Romans______ISLICEN1DA_14.wav,þau skara fram úr meðal postulanna og gengu kristi á hönd á undan mér
audio_data_aug/train/wavs/noise-B23___05_1John_______ISLICEN1DA_02.wav,og hver sem elskar föðurinn elskar einnig barn hans
audio_data_aug/train/wavs/noise-B27___05_Revelation__ISLICEN1DA_25.wav,og tungu lýð og þjóð og
audio_data_aug/train/wavs/noise-B06___01_Romans______ISLICEN1DA_50.wav,bæði hafa konur breytt eðlilegum mökum í óeðlileg og eins hafa karlar hætt eðlilegum mökum við konur og brunnið í losta hver
audio_data_aug/train/wavs/noise-B08___07_2CorinthiansISLICEN1DA_07.wav,í allri þrenging minni
audio_data_aug/train/wavs/noise-B03___23_Luke________ISLICEN1DA_80.wav,minnst þú mín þegar þú kemur í ríki þitt
audio_data_aug/train/wavs/noise-B05___04_Acts________ISLICEN1DA_04.wav,en mörg þeirra er heyrt höfðu orðið tóku trú og tala karlmannanna einna
audio_data_aug/train/wavs/noise-B04___16_John________ISLICEN1DA_40.wav,og aftur innan skamms munuð þér sjá mig
audio_data_aug/train/wavs/noise-B19___09_Hebrews_____ISLICEN1DA_04.wav,en bak við annað fortjaldið var tjaldbúð sem hét hið allra helgasta
audio_data_aug/train/wavs/noise-B03___17_Luke________ISLICEN1DA_47.wav,sjá þar er það
audio_data_aug/train/wavs/noise-B02___15_Mark________ISLICEN1DA_37.wav,þeir báru honum vín blandað myrru en hann þáði ekki
audio_data_aug/train/wavs/noise-B01___26_Matthew_____ISLICEN1DA_46.wav,því að ritað er ég mun slá hirðinn og sauðir hjarðarinnar munu tvístrast
audio_data_aug/train/wavs/noise-B03___11_Luke________ISLICEN1DA_86.wav,enn sagði jesús
audio_data_aug/train/wavs/noise-B04___01_John________ISLICEN1DA_22.wav,orðið varð hold hann bjó með oss fullur náðar og sannleika
audio_data_aug/train/wavs/noise-B01___21_Matthew_____ISLICEN1DA_04.wav,og mun hann jafnskjótt senda þau þetta varð svo að rættist það sem spámaðurinn sagði fyrir um
audio_data_aug/train/wavs/noise-B19___10_Hebrews_____ISLICEN1DA_26.wav,og bíður þess síðan að óvinir hans verði gerðir að fótskör hans
audio_data_aug/train/wavs/noise-B05___16_Acts________ISLICEN1DA_43.wav,menn þessir valda mestu óspektum í borg okkar
audio_data_aug/train/wavs/noise-B03___01_Luke________ISLICEN1DA_55.wav,og engillinn sagði við hana
audio_data_aug/train/wavs/noise-B23___02_1John_______ISLICEN1DA_36.wav,elskið hvorki heiminn né það sem í heiminum er
audio_data_aug/train/wavs/noise-B01___26_Matthew_____ISLICEN1DA_62.wav,vakið og biðjið svo að þið fallið ekki í freistni andinn er reiðubúinn
audio_data_aug/train/wavs/noise-B04___19_John________ISLICEN1DA_49.wav,æptu menn
audio_data_aug/train/wavs/noise-B03___06_Luke________ISLICEN1DA_102.wav,góður maður ber gott fram úr góðum sjóði hjarta síns
audio_data_aug/train/wavs/noise-B09___04_Galatians___ISLICEN1DA_09.wav,en þar eð þið eruð börn þá hefur guð sent anda sonar síns í hjörtu okkar
audio_data_aug/train/wavs/noise-B01___21_Matthew_____ISLICEN1DA_53.wav,en tollheimtumenn og skækjur trúðu honum það sáuð þið en tókuð samt
audio_data_aug/train/wavs/noise-B19___12_Hebrews_____ISLICEN1DA_41.wav,að móse sagði ég er mjög hræddur og skelfdur
audio_data_aug/train/wavs/noise-B07___01_1CorinthiansISLICEN1DA_30.wav,getur enginn sagt að þið séuð skírð til nafns míns
audio_data_aug/train/wavs/noise-B01___19_Matthew_____ISLICEN1DA_40.wav,allt og mannssonurinn situr í dýrðarhásæti sínu munuð þið sem fylgið mér einnig sitja í tólf hásætum
audio_data_aug/train/wavs/noise-B06___09_Romans______ISLICEN1DA_72.wav,þeir hnutu um ásteytingarsteininn eins og ritað er
audio_data_aug/train/wavs/noise-B05___13_Acts________ISLICEN1DA_49.wav,bræður niðjar abrahams og aðrir ykkar á meðal sem óttast guð
audio_data_aug/train/wavs/noise-B03___11_Luke________ISLICEN1DA_97.wav,eins og þegar lampi lýsir á þig með loga sínum
audio_data_aug/train/wavs/noise-B04___03_John________ISLICEN1DA_43.wav,ljósið er komið í heiminn
audio_data_aug/train/wavs/noise-B01___26_Matthew_____ISLICEN1DA_52.wav,eins töluðu allir lærisveinarnir
audio_data_aug/train/wavs/noise-B05___23_Acts________ISLICEN1DA_08.wav,þeir sem hjá stóðu sögðu
audio_data_aug/train/wavs/noise-B05___20_Acts________ISLICEN1DA_40.wav,ég þjónaði drottni í allri auðmýkt með tárum og í raunum sem að mér hafa steðjað af launráðum gyðinga
audio_data_aug/train/wavs/noise-B03___03_Luke________ISLICEN1DA_34.wav,hermenn spurðu hann einnig en hvað eigum við að gera
audio_data_aug/train/wavs/noise-B04___18_John________ISLICEN1DA_83.wav,og um leið gól hani
audio_data_aug/train/wavs/noise-B05___22_Acts________ISLICEN1DA_48.wav,og gætti klæða þeirra sem tóku hann af lífi
audio_data_aug/train/wavs/noise-B09___05_Galatians___ISLICEN1DA_19.wav,ég hef það traust til ykkar í drottni að þið verðið sama sinnis og ég
audio_data_aug/train/wavs/noise-B19___07_Hebrews_____ISLICEN1DA_26.wav,en ekki að hætti arons
audio_data_aug/train/wavs/noise-B03___10_Luke________ISLICEN1DA_68.wav,jesús sagði við hann
audio_data_aug/train/wavs/noise-B07___07_1CorinthiansISLICEN1DA_83.wav,sem kvænist henni ekki hann gerir enn betur
audio_data_aug/train/wavs/noise-B19___05_Hebrews_____ISLICEN1DA_01.wav,sérhver æðsti prestur er tekinn úr flokki manna og settur í þágu manna til að þjóna frammi fyrir guði
audio_data_aug/train/wavs/noise-B01___22_Matthew_____ISLICEN1DA_35.wav,allir höfðu þeir átt hana en jesús svaraði þeim þið villist
audio_data_aug/train/wavs/noise-B01___10_Matthew_____ISLICEN1DA_19.wav,en þeirri borg
audio_data_aug/train/wavs/noise-B04___16_John________ISLICEN1DA_11.wav,hvert fer þú
audio_data_aug/train/wavs/noise-B03___11_Luke________ISLICEN1DA_31.wav,og fyrir yður mun upp lokið verða
audio_data_aug/train/wavs/noise-B01___03_Matthew_____ISLICEN1DA_06.wav,og hafði til matar engisprettur og villihunang
audio_data_aug/train/wavs/noise-B02___14_Mark________ISLICEN1DA_150.wav,þar sá þernan hann og fór enn að segja við þá sem hjá stóðu þessi er einn af þeim
audio_data_aug/train/wavs/noise-B03___10_Luke________ISLICEN1DA_20.wav,guðs ríki er komið í nánd við yður
audio_data_aug/train/wavs/noise-B05___07_Acts________ISLICEN1DA_02.wav,er þessu svo farið
audio_data_aug/train/wavs/noise-B03___08_Luke________ISLICEN1DA_38.wav,en það er féll í góða jörð merkir þá sem heyra orðið og geyma það
audio_data_aug/train/wavs/noise-B03___08_Luke________ISLICEN1DA_24.wav,hinir fá þá í dæmisögum að sjáandi sjái þeir ekki og heyrandi skilji þeir ekki
audio_data_aug/train/wavs/noise-B19___10_Hebrews_____ISLICEN1DA_16.wav,en það eru einmitt þær sem fram eru bornar samkvæmt lögmálinu
audio_data_aug/train/wavs/noise-B05___10_Acts________ISLICEN1DA_75.wav,því að guð var með honum
audio_data_aug/train/wavs/noise-B27___19_Revelation__ISLICEN1DA_32.wav,hann var skrýddur skikkju blóði drifinni og nafn hans er orðið
audio_data_aug/train/wavs/noise-B04___08_John________ISLICEN1DA_90.wav,sem faðirinn hefur kennt mér
audio_data_aug/train/wavs/noise-B05___04_Acts________ISLICEN1DA_28.wav,því að öllum jerúsalembúum er það ljóst að þeir hafa gert ótvírætt tákn
audio_data_aug/train/wavs/noise-B06___14_Romans______ISLICEN1DA_44.wav,sæll er sá sem þarf ekki að áfella sig fyrir það sem hann telur vera rétt
audio_data_aug/train/wavs/noise-B04___10_John________ISLICEN1DA_75.wav,og ég þekki þá
audio_data_aug/train/wavs/noise-B03___23_Luke________ISLICEN1DA_38.wav,í þriðja sinn sagði pílatus við þá
audio_data_aug/train/wavs/noise-B03___17_Luke________ISLICEN1DA_67.wav,og tortímdi öllum
audio_data_aug/train/wavs/noise-B19___13_Hebrews_____ISLICEN1DA_33.wav,hlýðið
audio_data_aug/train/wavs/noise-B27___04_Revelation__ISLICEN1DA_06.wav,þar stóð hásæti á himni og einhver sat í því sem var ásýndum líkur jaspissteini
audio_data_aug/train/wavs/noise-B27___14_Revelation__ISLICEN1DA_42.wav,beittu sigð þinni og skerðu upp því að kominn er uppskerutíminn
audio_data_aug/train/wavs/noise-B05___15_Acts________ISLICEN1DA_25.wav,þegar þeir höfðu lokið máli sínu sagði jakob
audio_data_aug/train/wavs/noise-B11___01_Philippians_ISLICEN1DA_39.wav,kristi
audio_data_aug/train/wavs/noise-B02___04_Mark________ISLICEN1DA_41.wav,ekki bera menn inn ljós og setja það undir mæliker eða bekk er
audio_data_aug/train/wavs/noise-B07___03_1CorinthiansISLICEN1DA_25.wav,hey eða hálm
audio_data_aug/train/wavs/noise-B07___12_1CorinthiansISLICEN1DA_29.wav,hvar væri þá heyrnin ef
audio_data_aug/train/wavs/noise-B06___05_Romans______ISLICEN1DA_26.wav,samt ríkti dauðinn frá adam til móse einnig yfir þeim sem höfðu ekki syndgað á sömu lund og adam
audio_data_aug/train/wavs/noise-B04___08_John________ISLICEN1DA_171.wav,að sjá dag minn
audio_data_aug/train/wavs/noise-B01___06_Matthew_____ISLICEN1DA_58.wav,hverjum degi nægir sín þjáning
audio_data_aug/train/wavs/noise-B03___13_Luke________ISLICEN1DA_56.wav,kostið kapps um að komast inn um þröngu dyrnar
audio_data_aug/train/wavs/noise-B07___09_1CorinthiansISLICEN1DA_19.wav,jú okkar vegna stendur skrifað að sá sem plægir og sá sem þreskir
audio_data_aug/train/wavs/noise-B23___02_1John_______ISLICEN1DA_12.wav,þið elskuðu
audio_data_aug/train/wavs/noise-B23___02_1John_______ISLICEN1DA_48.wav,ef þeir hefðu heyrt okkur til þá hefðu þeir áfram verið með okkur
audio_data_aug/train/wavs/noise-B16___01_2Timothy____ISLICEN1DA_06.wav,ég þrái að sjá þig minnugur tára þinna til þess að ég fyllist gleði er ég rifja upp fyrir mér
audio_data_aug/train/wavs/noise-B05___28_Acts________ISLICEN1DA_53.wav,og snúi sér og ég lækni þá
audio_data_aug/train/wavs/noise-B03___14_Luke________ISLICEN1DA_61.wav,far þú út um stíga og vegi og þrýstu á menn að koma inn svo að hús mitt fyllist
audio_data_aug/train/wavs/noise-B01___14_Matthew_____ISLICEN1DA_21.wav,þá tók hann brauðin fimm og fiskana tvo leit upp til himins þakkaði guði braut brauðin og gaf lærisveinunum en þeir fólkinu
audio_data_aug/train/wavs/noise-B04___19_John________ISLICEN1DA_14.wav,takið þið hann og krossfestið
audio_data_aug/train/wavs/noise-B04___15_John________ISLICEN1DA_21.wav,ef þér haldið boðorð mín verðið þér stöðug í elsku minni eins og ég hef haldið boðorð föður míns
audio_data_aug/train/wavs/noise-B19___12_Hebrews_____ISLICEN1DA_09.wav,hafið þið gleymt hvernig guð hvetur ykkur eins og börn sín
audio_data_aug/train/wavs/noise-B09___02_Galatians___ISLICEN1DA_34.wav,en við vitum að maðurinn réttlætist ekki af lögmálsverkum heldur fyrir trú
audio_data_aug/train/wavs/noise-B04___17_John________ISLICEN1DA_20.wav,og trúa því að þú hafir sent mig
audio_data_aug/train/wavs/noise-B04___13_John________ISLICEN1DA_62.wav,hann sagði beinum orðum
audio_data_aug/train/wavs/noise-B07___15_1CorinthiansISLICEN1DA_40.wav,síðan kemur endirinn er kristur selur ríkið guði föður í hendur er hann hefur að engu gert sérhverja tign
audio_data_aug/train/wavs/noise-B02___04_Mark________ISLICEN1DA_09.wav,og sumt féll meðal þyrna og þyrnarnir uxu og kæfðu það
audio_data_aug/train/wavs/noise-B01___24_Matthew_____ISLICEN1DA_39.wav,mannssonurinn kemur eins og elding sem leiftrar frá austri til vesturs
audio_data_aug/train/wavs/noise-B03___07_Luke________ISLICEN1DA_113.wav,en hinn fimmtíu
audio_data_aug/train/wavs/noise-B01___13_Matthew_____ISLICEN1DA_14.wav,hver sem eyru hefur hann heyri þá komu lærisveinarnir til hans og spurðu
audio_data_aug/train/wavs/noise-B19___09_Hebrews_____ISLICEN1DA_29.wav,ekki fór hann með blóð hafra og kálfa heldur með eigið blóð
audio_data_aug/train/wavs/noise-B05___13_Acts________ISLICEN1DA_85.wav,svo hlaut að vera að orð guðs væri fyrst flutt ykkur
audio_data_aug/train/wavs/noise-B06___10_Romans______ISLICEN1DA_12.wav,það er
audio_data_aug/train/wavs/noise-B05___08_Acts________ISLICEN1DA_08.wav,filippus fór norður til höfuðborgar samaríu og prédikaði krist þar
audio_data_aug/train/wavs/noise-B05___09_Acts________ISLICEN1DA_04.wav,hvort heldur karla eða konur en
audio_data_aug/train/wavs/noise-B03___19_Luke________ISLICEN1DA_46.wav,þú vissir að ég er maður strangur sem tek það út sem ég lagði ekki inn og uppsker það sem ég sáði ekki
audio_data_aug/train/wavs/noise-B23___01_1John_______ISLICEN1DA_11.wav,ef við segjum við höfum samfélag við hann og göngum þó í myrkrinu
audio_data_aug/train/wavs/noise-B03___23_Luke________ISLICEN1DA_39.wav,hvað illt hefur þá þessi maður gert
audio_data_aug/train/wavs/noise-B13___01_1Thess______ISLICEN1DA_01.wav,páll silvanus og tímóteus heilsa söfnuði þessaloníkumanna
audio_data_aug/train/wavs/noise-B17___03_Titus_______ISLICEN1DA_08.wav,heldur frelsaði hann okkur af miskunn sinni
audio_data_aug/train/wavs/noise-B20___03_James_______ISLICEN1DA_24.wav,en ef beiskur ofsi og eigingirni býr í hjarta ykkar þá stærið ykkur ekki
audio_data_aug/train/wavs/noise-B06___09_Romans______ISLICEN1DA_30.wav,fjarri fer því
audio_data_aug/train/wavs/noise-B10___02_Ephesians___ISLICEN1DA_14.wav,það er guðs gjöf
audio_data_aug/train/wavs/noise-B03___24_Luke________ISLICEN1DA_85.wav,ég sendi ykkur andann sem faðir minn hét ykkur en verið kyrr í borginni uns þið íklæðist krafti frá hæðum
audio_data_aug/train/wavs/noise-B03___14_Luke________ISLICEN1DA_52.wav,konu hef ég eignast ekki get ég komið
audio_data_aug/train/wavs/noise-B21___02_1Peter______ISLICEN1DA_25.wav,hegðið ykkur vel meðal þjóðanna til þess að þeir sem nú hallmæla ykkur sem illgjörðamönnum
audio_data_aug/train/wavs/noise-B13___04_1Thess______ISLICEN1DA_04.wav,hann vill að þið haldið ykkur frá óskírlífi að sérhvert ykkar temji sér að halda líkama sínum í helgun
audio_data_aug/train/wavs/noise-B01___16_Matthew_____ISLICEN1DA_15.wav,og hve margar körfur þið tókuð saman hvernig má það vera að þið skynjið ekki að ég var ekki að tala um brauð við ykkur
audio_data_aug/train/wavs/noise-B27___19_Revelation__ISLICEN1DA_35.wav,og af munni hans gekk út biturt sverð til að slá þjóðirnar með
audio_data_aug/train/wavs/noise-B05___14_Acts________ISLICEN1DA_06.wav,þeir töluðu einarðlega í trausti til drottins og hann staðfesti orð náðar sinnar með táknum og undrum
audio_data_aug/train/wavs/noise-B01___05_Matthew_____ISLICEN1DA_78.wav,þér hafið heyrt að sagt var
audio_data_aug/train/wavs/noise-B01___16_Matthew_____ISLICEN1DA_01.wav,þá komu farísear og saddúkear vildu freista jesú og báðu hann að sýna sér tákn af himni
audio_data_aug/train/wavs/noise-B27___19_Revelation__ISLICEN1DA_09.wav,sem í hásætinu situr og sögðu
audio_data_aug/train/wavs/noise-B05___14_Acts________ISLICEN1DA_44.wav,drottni sem þeir höfðu fest trú á
audio_data_aug/train/wavs/noise-B03___08_Luke________ISLICEN1DA_100.wav,allt fólk í héruðum gerasena
audio_data_aug/train/wavs/noise-B22___02_2Peter______ISLICEN1DA_51.wav,og
audio_data_aug/train/wavs/noise-B06___02_Romans______ISLICEN1DA_17.wav,yfir gyðinginn fyrst en einnig alla aðra
audio_data_aug/train/wavs/noise-B04___17_John________ISLICEN1DA_52.wav,svo að þeir séu eitt eins og við erum eitt ég
audio_data_aug/train/wavs/noise-B05___10_Acts________ISLICEN1DA_20.wav,var hann látinn síga til jarðar á fjórum skautum
audio_data_aug/train/wavs/noise-B19___06_Hebrews_____ISLICEN1DA_17.wav,betur farið og þið nær hjálpræðinu þó að ég mæli svo
audio_data_aug/train/wavs/noise-B01___21_Matthew_____ISLICEN1DA_71.wav,þess vegna segi ég ykkur guðs ríki verður tekið frá ykkur og gefið þeirri þjóð sem ber ávexti þess
audio_data_aug/train/wavs/noise-B03___04_Luke________ISLICEN1DA_48.wav,sannlega segi ég yður
audio_data_aug/train/wavs/noise-B05___10_Acts________ISLICEN1DA_07.wav,hvað er það herra
audio_data_aug/train/wavs/noise-B04___19_John________ISLICEN1DA_59.wav,að láta krossfesta hann
audio_data_aug/train/wavs/noise-B01___05_Matthew_____ISLICEN1DA_11.wav,sælir eru þeir sem ofsóttir eru fyrir réttlætis sakir því að þeirra er himnaríki
audio_data_aug/train/wavs/noise-B01___20_Matthew_____ISLICEN1DA_36.wav,en jesús kallaði þá til sín og mælti
audio_data_aug/train/wavs/noise-B05___08_Acts________ISLICEN1DA_01.wav,sál lét sér vel líka líflát hans
audio_data_aug/train/wavs/noise-B03___10_Luke________ISLICEN1DA_70.wav,hvernig lest þú
audio_data_aug/train/wavs/noise-B04___01_John________ISLICEN1DA_108.wav,og engla guðs stíga upp
audio_data_aug/train/wavs/noise-B04___14_John________ISLICEN1DA_24.wav,og faðirinn í mér
audio_data_aug/train/wavs/noise-B06___07_Romans______ISLICEN1DA_18.wav,er lögmálið synd
audio_data_aug/train/wavs/noise-B03___12_Luke________ISLICEN1DA_29.wav,einn úr mannfjöldanum sagði við jesú
audio_data_aug/train/wavs/noise-B16___03_2Timothy____ISLICEN1DA_25.wav,sérhver ritning er innblásin af guði og nytsöm til fræðslu umvöndunar
audio_data_aug/train/wavs/noise-B06___15_Romans______ISLICEN1DA_48.wav,en þegar ég hef lokið þessu og komið þessu framlagi tryggilega í þeirra hendur ætla ég að fara um hjá ykkur á leið minni til spánar
audio_data_aug/train/wavs/noise-B03___09_Luke________ISLICEN1DA_126.wav,sá sem er ekki á móti ykkur
audio_data_aug/train/wavs/noise-B08___07_2CorinthiansISLICEN1DA_15.wav,nú er ég glaður ekki yfir því að þið urðuð hrygg heldur yfir því
audio_data_aug/train/wavs/noise-B03___01_Luke________ISLICEN1DA_24.wav,hvernig get ég vitað þetta
audio_data_aug/train/wavs/noise-B03___08_Luke________ISLICEN1DA_17.wav,og þyrnarnir spruttu einnig og kæfðu það
audio_data_aug/train/wavs/noise-B19___02_Hebrews_____ISLICEN1DA_25.wav,þá sjáum við ekki enn að allir hlutir séu undir hann lagðir
audio_data_aug/train/wavs/noise-B03___03_Luke________ISLICEN1DA_38.wav,allir voru nú fullir eftirvæntingar og hugsuðu með sjálfum sér hvort jóhannes kynni að vera kristur
audio_data_aug/train/wavs/noise-B09___04_Galatians___ISLICEN1DA_10.wav,sem hrópar
audio_data_aug/train/wavs/noise-B03___22_Luke________ISLICEN1DA_81.wav,þegar hann kom á staðinn sagði hann við þá
audio_data_aug/train/wavs/noise-B07___11_1CorinthiansISLICEN1DA_28.wav,en ætli nú einhver sér að gera þetta að kappsmáli þá er slíkt ekki venja okkar
audio_data_aug/train/wavs/noise-B02___06_Mark________ISLICEN1DA_34.wav,jóhannes sem ég lét hálshöggva
audio_data_aug/train/wavs/noise-B07___16_1CorinthiansISLICEN1DA_26.wav,þeir hafa bætt mér upp fjarvist ykkar verið mér og ykkur til gleði hafið mætur á slíkum mönnum
audio_data_aug/train/wavs/noise-B01___21_Matthew_____ISLICEN1DA_06.wav,lærisveinarnir fóru og gerðu sem jesús hafði boðið þeim komu með ösnuna og folann og lögðu á þau klæði sín
audio_data_aug/train/wavs/noise-B01___02_Matthew_____ISLICEN1DA_16.wav,síðan luku þeir upp fjárhirslum sínum og færðu því gjafir gull reykelsi og myrru
audio_data_aug/train/wavs/noise-B05___22_Acts________ISLICEN1DA_22.wav,þá sagði ég
audio_data_aug/train/wavs/noise-B03___10_Luke________ISLICEN1DA_30.wav,vei þér betsaída
audio_data_aug/train/wavs/noise-B03___05_Luke________ISLICEN1DA_40.wav,en jesús dró sig í hlé og fór til óbyggðra staða og baðst þar fyrir
audio_data_aug/train/wavs/noise-B04___19_John________ISLICEN1DA_65.wav,og með honum tvo aðra
audio_data_aug/train/wavs/noise-B19___08_Hebrews_____ISLICEN1DA_09.wav,eins og móse fékk bendingu um frá guði er hann var að koma upp tjaldbúðinni
audio_data_aug/train/wavs/noise-B27___12_Revelation__ISLICEN1DA_27.wav,að þeim ægði dauði
audio_data_aug/train/wavs/noise-B03___02_Luke________ISLICEN1DA_73.wav,eftir þrjá daga fundu þau hann í helgidóminum
audio_data_aug/train/wavs/noise-B01___07_Matthew_____ISLICEN1DA_10.wav,knýið á og fyrir yður mun upp lokið verða
audio_data_aug/train/wavs/noise-B04___05_John________ISLICEN1DA_97.wav,ætlið eigi að ég muni ákæra yður fyrir föðurnum
audio_data_aug/train/wavs/noise-B07___11_1CorinthiansISLICEN1DA_65.wav,annað mun ég segja til um þegar ég kem
audio_data_aug/train/wavs/noise-B02___06_Mark________ISLICEN1DA_43.wav,en nú kom hentugur dagur á afmæli sínu gerði heródes veislu gæðingum sínum
audio_data_aug/train/wavs/noise-B04___11_John________ISLICEN1DA_103.wav,það er komin nálykt af honum
audio_data_aug/train/wavs/noise-B19___10_Hebrews_____ISLICEN1DA_52.wav,og metur einskis blóðið sem sáttmálinn var grundvallaður á og smánar anda náðarinnar
audio_data_aug/train/wavs/noise-B10___05_Ephesians___ISLICEN1DA_03.wav,ilms
audio_data_aug/train/wavs/noise-B27___03_Revelation__ISLICEN1DA_17.wav,upp
audio_data_aug/train/wavs/noise-B03___07_Luke________ISLICEN1DA_77.wav,og létu skírast af jóhannesi
audio_data_aug/train/wavs/noise-B02___07_Mark________ISLICEN1DA_04.wav,og fylgja þannig erfðavenju forfeðra sinna
audio_data_aug/train/wavs/noise-B03___11_Luke________ISLICEN1DA_09.wav,til komi þitt ríki
audio_data_aug/train/wavs/noise-B05___13_Acts________ISLICEN1DA_72.wav,það skuluð þið því vita bræður og systur að ykkur er fyrir hann boðuð fyrirgefning syndanna og
audio_data_aug/train/wavs/noise-B05___09_Acts________ISLICEN1DA_63.wav,svo bar við er pétur var að ferðast um og vitja allra að hann kom og til hinna heilögu sem áttu heima í lýddu
audio_data_aug/train/wavs/noise-B05___20_Acts________ISLICEN1DA_59.wav,þyrma hjörðinni
audio_data_aug/train/wavs/noise-B09___01_Galatians___ISLICEN1DA_03.wav,− og allir trúaðir sem með mér eru heilsa söfnuðunum í galatalandi
audio_data_aug/train/wavs/noise-B01___21_Matthew_____ISLICEN1DA_66.wav,þeir svara hann mun vægðarlaust tortíma þeim vondu mönnum og selja víngarðinn öðrum vínyrkjum á leigu
audio_data_aug/train/wavs/noise-B01___03_Matthew_____ISLICEN1DA_24.wav,og jóhannes lét það eftir honum
audio_data_aug/train/wavs/noise-B22___03_2Peter______ISLICEN1DA_08.wav,hvað verður úr fyrirheitinu um komu hans
audio_data_aug/train/wavs/noise-B01___26_Matthew_____ISLICEN1DA_33.wav,en júdas sem sveik hann sagði
audio_data_aug/train/wavs/noise-B22___03_2Peter______ISLICEN1DA_06.wav,þetta skuluð þið þá fyrst vita að á síðustu dögum munu koma spottarar
audio_data_aug/train/wavs/noise-B07___12_1CorinthiansISLICEN1DA_32.wav,en nú hefur guð sett hvern einstakan lim á líkamann eins og honum þóknaðist
audio_data_aug/train/wavs/noise-B20___05_James_______ISLICEN1DA_36.wav,kröftug bæn réttláts manns megnar mikið
audio_data_aug/train/wavs/noise-B03___08_Luke________ISLICEN1DA_03.wav,með honum voru þeir tólf og konur nokkrar er læknaðar höfðu verið af illum öndum
audio_data_aug/train/wavs/noise-B03___23_Luke________ISLICEN1DA_02.wav,þeir tóku að ákæra hann og sögðu
audio_data_aug/train/wavs/noise-B05___07_Acts________ISLICEN1DA_109.wav,drottinn lát þá ekki gjalda þessarar syndar
audio_data_aug/train/wavs/noise-B01___14_Matthew_____ISLICEN1DA_24.wav,auk kvenna og barna
audio_data_aug/train/wavs/noise-B05___13_Acts________ISLICEN1DA_29.wav,en eftir upplestur úr lögmálinu og spámönnunum sendu samkundustjórarnir til þeirra og sögðu
audio_data_aug/train/wavs/noise-B02___06_Mark________ISLICEN1DA_14.wav,með frændfólki sínu og heimamönnum
audio_data_aug/train/wavs/noise-B13___02_1Thess______ISLICEN1DA_28.wav,því að þið hafið þolað hið sama af löndum ykkar sem þeir urðu að þola af gyðingum
audio_data_aug/train/wavs/noise-B20___01_James_______ISLICEN1DA_41.wav,en sá sem skyggnist inn í hið fullkomna lögmál frelsisins og heldur sér við það
audio_data_aug/train/wavs/noise-B03___05_Luke________ISLICEN1DA_88.wav,hvort getið þið ætlað brúðkaupsgestum að fasta meðan brúðguminn er hjá þeim
audio_data_aug/train/wavs/noise-B04___19_John________ISLICEN1DA_82.wav,en hann var saumlaus ofinn í eitt ofan frá og niður úr
audio_data_aug/train/wavs/noise-B07___10_1CorinthiansISLICEN1DA_06.wav,var kristur
audio_data_aug/train/wavs/noise-B01___26_Matthew_____ISLICEN1DA_118.wav,og pétur minntist þess er jesús hafði mælt
audio_data_aug/train/wavs/noise-B03___16_Luke________ISLICEN1DA_41.wav,þér getið ekki þjónað guði og mammón
audio_data_aug/train/wavs/noise-B03___07_Luke________ISLICEN1DA_14.wav,því að sjálfur er ég maður sem verður að lúta valdi og ræður yfir hermönnum og ég segi við einn
audio_data_aug/train/wavs/noise-B02___02_Mark________ISLICEN1DA_45.wav,farísearnir sögðu þá við hann lít á hví gera þeir það sem er ekki leyfilegt
audio_data_aug/train/wavs/noise-B27___06_Revelation__ISLICEN1DA_16.wav,þegar lambið rauf fjórða innsiglið heyrði ég rödd fjórðu verunnar er sagði
audio_data_aug/train/wavs/noise-B21___02_1Peter______ISLICEN1DA_41.wav,þetta er köllun ykkar
audio_data_aug/train/wavs/noise-B14___02_2Thess______ISLICEN1DA_18.wav,sem blekkja þau sem eru á glötunarleið
audio_data_aug/train/wavs/noise-B03___12_Luke________ISLICEN1DA_59.wav,eigi hafa þeir forðabúr eða hlöðu
audio_data_aug/train/wavs/noise-B01___24_Matthew_____ISLICEN1DA_13.wav,þjóð mun rísa gegn þjóð og ríki gegn ríki þá verður hungur og landskjálftar á ýmsum stöðum
audio_data_aug/train/wavs/noise-B07___07_1CorinthiansISLICEN1DA_63.wav,hér eftir skulu jafnvel þau sem gift eru vera eins og þau væru það ekki
audio_data_aug/train/wavs/noise-B02___05_Mark________ISLICEN1DA_70.wav,og hann tók hönd barnsins og sagði
audio_data_aug/train/wavs/noise-B04___21_John________ISLICEN1DA_76.wav,fylg þú mér
audio_data_aug/train/wavs/noise-B03___20_Luke________ISLICEN1DA_62.wav,gekk þá annar bróðirinn og síðan hinn þriðji að eiga hana og eins allir sjö
audio_data_aug/train/wavs/noise-B26___01_Jude________ISLICEN1DA_39.wav,drottinn er kominn með sínum þúsundum heilagra til að halda dóm yfir öllum
audio_data_aug/train/wavs/noise-B20___03_James_______ISLICEN1DA_06.wav,sjáið einnig skipin svo stór sem þau eru og rekin af hörðum vindum
audio_data_aug/train/wavs/noise-B11___04_Philippians_ISLICEN1DA_01.wav,þess vegna mín elskuðu og þráðu systkin gleði mín og kóróna
audio_data_aug/train/wavs/noise-B05___05_Acts________ISLICEN1DA_67.wav,eftir hann kom fram júdas frá galíleu á dögum skrásetningarinnar og sneri fólki til fylgis við sig
audio_data_aug/train/wavs/noise-B06___06_Romans______ISLICEN1DA_21.wav,vitum að kristur upp vakinn frá dauðum deyr ekki framar
audio_data_aug/train/wavs/noise-B03___23_Luke________ISLICEN1DA_54.wav,sælar eru óbyrjur og þau móðurlíf er aldrei fæddu og þau brjóst sem engan nærðu
audio_data_aug/train/wavs/noise-B03___16_Luke________ISLICEN1DA_46.wav,en guð þekkir hjörtu yðar
audio_data_aug/train/wavs/noise-B01___27_Matthew_____ISLICEN1DA_60.wav,nú ætti guð að frelsa hann ef hann hefur mætur á honum eða sagði hann ekki
audio_data_aug/train/wavs/noise-B02___06_Mark________ISLICEN1DA_50.wav,hún gekk þá út og spurði móður sína um
audio_data_aug/train/wavs/noise-B02___06_Mark________ISLICEN1DA_39.wav,þú mátt ekki eiga konu bróður þíns
audio_data_aug/train/wavs/noise-B04___18_John________ISLICEN1DA_74.wav,en símon pétur stóð og vermdi sig
audio_data_aug/train/wavs/noise-B19___11_Hebrews_____ISLICEN1DA_46.wav,hann hugði að guð væri þess jafnvel megnugur að vekja upp frá dauðum og hann heimti líka son sinn úr helju
audio_data_aug/train/wavs/noise-B05___10_Acts________ISLICEN1DA_54.wav,en guð hefur sýnt mér að ég á engan að kalla vanheilagan eða óhreinan
audio_data_aug/train/wavs/noise-B04___16_John________ISLICEN1DA_22.wav,réttlætið
audio_data_aug/train/wavs/noise-B07___10_1CorinthiansISLICEN1DA_36.wav,nei
audio_data_aug/train/wavs/noise-B03___24_Luke________ISLICEN1DA_69.wav,lítið á hendur mínar og fætur að það er ég sjálfur
audio_data_aug/train/wavs/noise-B05___14_Acts________ISLICEN1DA_03.wav,en gyðingar sem ekki vildu trúa vöktu æsing með heiðingjum og illan hug
audio_data_aug/train/wavs/noise-B07___10_1CorinthiansISLICEN1DA_04.wav,allir neyttu hinnar sömu andlegu fæðu og drukku hinn sama andlega drykk
audio_data_aug/train/wavs/noise-B19___03_Hebrews_____ISLICEN1DA_02.wav,horfið til jesú
audio_data_aug/train/wavs/noise-B10___02_Ephesians___ISLICEN1DA_11.wav,því að af náð eruð þið hólpin orðin fyrir trú þetta
audio_data_aug/train/wavs/noise-B07___15_1CorinthiansISLICEN1DA_79.wav,sáð er jarðneskum líkama en upp rís andlegur líkami
audio_data_aug/train/wavs/noise-B05___09_Acts________ISLICEN1DA_29.wav,og hér fer hann með vald frá æðstu prestunum að færa í bönd alla þá sem ákalla nafn þitt
audio_data_aug/train/wavs/noise-B19___07_Hebrews_____ISLICEN1DA_03.wav,og
audio_data_aug/train/wavs/noise-B04___20_John________ISLICEN1DA_08.wav,pétur fór þá út og hinn lærisveinninn og þeir komu til grafarinnar
audio_data_aug/train/wavs/noise-B27___21_Revelation__ISLICEN1DA_19.wav,sá er sigrar mun erfa þetta og ég mun vera hans guð og hann mun vera mitt barn
audio_data_aug/train/wavs/noise-B01___13_Matthew_____ISLICEN1DA_13.wav,og sumt þrítugfaldan
audio_data_aug/train/wavs/noise-B20___02_James_______ISLICEN1DA_44.wav,svo var og um skækjuna rahab réttlættist hún ekki af verkum
audio_data_aug/train/wavs/noise-B03___22_Luke________ISLICEN1DA_58.wav,drottinn
audio_data_aug/train/wavs/noise-B04___02_John________ISLICEN1DA_37.wav,brjótið þetta musteri og ég skal reisa það á þrem dögum
audio_data_aug/train/wavs/noise-B05___16_Acts________ISLICEN1DA_72.wav,fangavörðurinn flutti páli þessi orð
audio_data_aug/train/wavs/noise-B05___22_Acts________ISLICEN1DA_18.wav,ég svaraði
audio_data_aug/train/wavs/noise-B02___12_Mark________ISLICEN1DA_67.wav,ekkert boðorð annað er þessum meira
audio_data_aug/train/wavs/noise-B01___14_Matthew_____ISLICEN1DA_06.wav,en á afmælisdegi heródesar sté dóttir heródíasar dans frammi fyrir gestunum
audio_data_aug/train/wavs/noise-B19___07_Hebrews_____ISLICEN1DA_10.wav,er líkur syni guðs hann heldur áfram að vera prestur um aldur
audio_data_aug/train/wavs/noise-B04___08_John________ISLICEN1DA_33.wav,ég er ljós heimsins
audio_data_aug/train/wavs/noise-B07___01_1CorinthiansISLICEN1DA_28.wav,eða eruð þið skírð til nafns páls
audio_data_aug/train/wavs/noise-B01___04_Matthew_____ISLICEN1DA_05.wav,heldur á hverju því orði sem fram gengur af guðs munni þá tekur djöfullinn jesú með sér í borgina helgu
audio_data_aug/train/wavs/noise-B05___26_Acts________ISLICEN1DA_42.wav,fyrir því gerðist ég agrippa konungur eigi óhlýðinn hinni himnesku vitrun heldur boðaði ég fyrst þeim í damaskus og í jerúsalem
audio_data_aug/train/wavs/noise-B27___06_Revelation__ISLICEN1DA_15.wav,en eigi skalt þú spilla olíunni og víninu
audio_data_aug/train/wavs/noise-B07___06_1CorinthiansISLICEN1DA_34.wav,því að ritað er
audio_data_aug/train/wavs/noise-B27___02_Revelation__ISLICEN1DA_24.wav,þeim er sigrar mun sá annar dauði ekki granda
audio_data_aug/train/wavs/noise-B03___12_Luke________ISLICEN1DA_89.wav,hann mun búa sig láta þá setjast að borði og koma og þjóna þeim
audio_data_aug/train/wavs/noise-B06___12_Romans______ISLICEN1DA_16.wav,sé það kennsla skal sinna henni
audio_data_aug/train/wavs/noise-B19___06_Hebrews_____ISLICEN1DA_04.wav,upprisu dauðra og eilífan dóm
audio_data_aug/train/wavs/noise-B19___03_Hebrews_____ISLICEN1DA_10.wav,gert
audio_data_aug/train/wavs/noise-B05___27_Acts________ISLICEN1DA_73.wav,undu upp framseglið
audio_data_aug/train/wavs/noise-B01___15_Matthew_____ISLICEN1DA_48.wav,þá fólkið undraðist þegar það sá mállausa mæla fatlaða heila
audio_data_aug/train/wavs/noise-B03___02_Luke________ISLICEN1DA_70.wav,og vissu foreldrar hans það eigi
audio_data_aug/train/wavs/noise-B27___19_Revelation__ISLICEN1DA_48.wav,með þeim hafði hann leitt þá afvega sem höfðu fengið merki dýrsins og tilbeðið líkneski þess
audio_data_aug/train/wavs/noise-B03___23_Luke________ISLICEN1DA_70.wav,yfirskrift var yfir honum
audio_data_aug/train/wavs/noise-B23___04_1John_______ISLICEN1DA_45.wav,fáum við elskað hvert annað og lifað eins og kristur lifði hér á jörð
audio_data_aug/train/wavs/noise-B19___13_Hebrews_____ISLICEN1DA_20.wav,látið náð guðs næra hjartað
audio_data_aug/train/wavs/noise-B06___16_Romans______ISLICEN1DA_25.wav,heilsið asynkritusi flegon hermesi patrobasi
audio_data_aug/train/wavs/noise-B03___24_Luke________ISLICEN1DA_76.wav,þau fengu honum stykki af steiktum fiski og hann tók það og neytti þess frammi fyrir þeim
audio_data_aug/train/wavs/noise-B10___03_Ephesians___ISLICEN1DA_14.wav,sem allt hefur skapað
audio_data_aug/train/wavs/noise-B09___03_Galatians___ISLICEN1DA_48.wav,fjarri fer því
audio_data_aug/train/wavs/noise-B05___28_Acts________ISLICEN1DA_15.wav,höfðu þeir okkur í hávegum og er við skyldum sigla gáfu þeir okkur allt sem við þurftum til fararinnar
audio_data_aug/train/wavs/noise-B27___05_Revelation__ISLICEN1DA_17.wav,lambið kom og tók við bókinni úr hægri hendi hans er í hásætinu sat
audio_data_aug/train/wavs/noise-B02___14_Mark________ISLICEN1DA_09.wav,og þeir atyrtu hana
audio_data_aug/train/wavs/noise-B21___05_1Peter______ISLICEN1DA_07.wav,þegar hinn æðsti hirðir birtist munuð þið öðlast þann dýrðarsveig
audio_data_aug/train/wavs/noise-B10___02_Ephesians___ISLICEN1DA_16.wav,erum smíð guðs sköpuð í kristi jesú til góðra verka
audio_data_aug/train/wavs/noise-B02___13_Mark________ISLICEN1DA_15.wav,þegar þér spyrjið hernað og ófriðartíðindi
audio_data_aug/train/wavs/noise-B27___12_Revelation__ISLICEN1DA_06.wav,á höfðunum sjö ennisdjásn
audio_data_aug/train/wavs/noise-B05___07_Acts________ISLICEN1DA_72.wav,ger okkur guði sem geta farið fyrir okkur því að ekki vitum við hvað orðið er af móse þeim
audio_data_aug/train/wavs/noise-B27___14_Revelation__ISLICEN1DA_09.wav,þetta eru þeir sem ekki hafa saurgast með konum
audio_data_aug/train/wavs/noise-B06___16_Romans______ISLICEN1DA_48.wav,honum einum alvitrum guði sé sakir jesú krists
audio_data_aug/train/wavs/noise-B04___14_John________ISLICEN1DA_05.wav,ég er farinn burt og hef búið yður stað kem ég aftur og tek yður til mín
audio_data_aug/train/wavs/noise-B04___07_John________ISLICEN1DA_77.wav,enn verð ég hjá ykkur skamma stund og þá fer ég aftur
audio_data_aug/train/wavs/noise-B19___03_Hebrews_____ISLICEN1DA_32.wav,ef þér heyrið raust hans í dag þá forherðið ekki hjörtu yðar eins og í uppreisninni
audio_data_aug/train/wavs/noise-B03___03_Luke________ISLICEN1DA_54.wav,á þér hef ég velþóknun
audio_data_aug/train/wavs/noise-B03___17_Luke________ISLICEN1DA_09.wav,þá skalt þú fyrirgefa honum
audio_data_aug/train/wavs/noise-B27___10_Revelation__ISLICEN1DA_23.wav,þá var sagt við mig enn átt þú að flytja spámannlegan boðskap
audio_data_aug/train/wavs/noise-B07___08_1CorinthiansISLICEN1DA_17.wav,og finnst þeir þá saurga sig því að samviska þeirra er veik fyrir
audio_data_aug/train/wavs/noise-B05___14_Acts________ISLICEN1DA_04.wav,gegn kristnum mönnum
audio_data_aug/train/wavs/noise-B04___06_John________ISLICEN1DA_140.wav,þá sagði jesús við þá tólf
audio_data_aug/train/wavs/noise-B02___14_Mark________ISLICEN1DA_31.wav,og bjuggu til páskamáltíðar
audio_data_aug/train/wavs/noise-B03___20_Luke________ISLICEN1DA_27.wav,drepum hann þá fáum við arfinn
audio_data_aug/train/wavs/noise-B01___02_Matthew_____ISLICEN1DA_08.wav,þá kallaði heródes vitringana til sín á laun og grófst eftir því hjá þeim
audio_data_aug/train/wavs/noise-B02___09_Mark________ISLICEN1DA_17.wav,á leiðinni ofan fjallið bannaði jesús þeim að segja nokkrum frá því er þeir höfðu séð fyrr en mannssonurinn væri risinn upp frá dauðum
audio_data_aug/train/wavs/noise-B03___22_Luke________ISLICEN1DA_108.wav,hér skal staðar nema
audio_data_aug/train/wavs/noise-B27___18_Revelation__ISLICEN1DA_08.wav,og ég heyrði aðra rödd af himni sem sagði fólkið mitt forðið yður úr borginni
audio_data_aug/train/wavs/noise-B04___16_John________ISLICEN1DA_34.wav,því sagði ég að hann tæki af mínu og kunngjörði yður
audio_data_aug/train/wavs/noise-B03___06_Luke________ISLICEN1DA_96.wav,úr auga bróður þíns
audio_data_aug/train/wavs/noise-B01___08_Matthew_____ISLICEN1DA_25.wav,illu andana rak hann út með orði einu og alla þá er sjúkir voru
audio_data_aug/train/wavs/noise-B05___18_Acts________ISLICEN1DA_33.wav,þá tóku þeir allir sósþenes samkundustjóra og fóru að berja hann fyrir framan dómstólinn
audio_data_aug/train/wavs/noise-B02___11_Mark________ISLICEN1DA_20.wav,en þegar hann kom að því fann hann ekkert nema blöð enda var ekki fíknatíð
audio_data_aug/train/wavs/noise-B19___10_Hebrews_____ISLICEN1DA_33.wav,eða lögmálsbrota
audio_data_aug/train/wavs/noise-B27___02_Revelation__ISLICEN1DA_19.wav,heldur samkunda satans
audio_data_aug/train/wavs/noise-B22___01_2Peter______ISLICEN1DA_06.wav,með guðlegum mætti sínum hefur jesús kristur gefið okkur allt sem þarf til lífs
audio_data_aug/train/wavs/noise-B19___04_Hebrews_____ISLICEN1DA_11.wav,og aftur á þessum stað
audio_data_aug/train/wavs/noise-B07___09_1CorinthiansISLICEN1DA_01.wav,er ég ekki frjáls
audio_data_aug/train/wavs/noise-B27___01_Revelation__ISLICEN1DA_36.wav,ég sá hann féll ég fyrir fætur honum sem dauður væri
audio_data_aug/train/wavs/noise-B23___04_1John_______ISLICEN1DA_42.wav,við þekkjum kærleikann sem guð hefur á okkur og trúum á hann
audio_data_aug/train/wavs/noise-B05___02_Acts________ISLICEN1DA_41.wav,guð sannaði ykkur það með því að láta hann gera kraftaverk undur og tákn meðal ykkar
audio_data_aug/train/wavs/noise-B03___05_Luke________ISLICEN1DA_59.wav,syndir þínar eru þér fyrirgefnar eða segja
audio_data_aug/train/wavs/noise-B04___21_John________ISLICEN1DA_36.wav,enginn lærisveinanna dirfðist að spyrja hann
audio_data_aug/train/wavs/noise-B21___01_1Peter______ISLICEN1DA_19.wav,frelsun sálna ykkar
audio_data_aug/train/wavs/noise-B04___01_John________ISLICEN1DA_57.wav,en til þess kom ég og skíri með vatni að hann opinberist
audio_data_aug/train/wavs/noise-B08___12_2CorinthiansISLICEN1DA_03.wav,til þriðja himins
audio_data_aug/train/wavs/noise-B08___04_2CorinthiansISLICEN1DA_02.wav,þess vegna læt ég ekki hugfallast
audio_data_aug/train/wavs/noise-B11___02_Philippians_ISLICEN1DA_44.wav,þið sjáið hann og mér verði hughægra
audio_data_aug/train/wavs/noise-B08___01_2CorinthiansISLICEN1DA_19.wav,ég var aðþrengdur langt um megn fram
audio_data_aug/train/wavs/noise-B06___02_Romans______ISLICEN1DA_33.wav,en nú kallar þú þig gyðing treystir á lögmálið og ert hreykinn af guði þínum
audio_data_aug/train/wavs/noise-B06___01_Romans______ISLICEN1DA_30.wav,réttlæti guðs opinberast í því fyrir trú til trúar eins og ritað er
audio_data_aug/train/wavs/noise-B26___01_Jude________ISLICEN1DA_01.wav,júdas
audio_data_aug/train/wavs/noise-B08___10_2CorinthiansISLICEN1DA_22.wav,ég miklast ekki ómælt
audio_data_aug/train/wavs/noise-B03___12_Luke________ISLICEN1DA_23.wav,hverjum sem mælir gegn mannssyninum verður það fyrirgefið
audio_data_aug/train/wavs/noise-B13___05_1Thess______ISLICEN1DA_14.wav,jesú krists
audio_data_aug/train/wavs/noise-B27___08_Revelation__ISLICEN1DA_19.wav,dó þá þriðjungur lífvera í hafinu og þriðjungur skipanna fórst
audio_data_aug/train/wavs/noise-B08___04_2CorinthiansISLICEN1DA_13.wav,lét það skína í hjarta mitt
audio_data_aug/train/wavs/noise-B19___05_Hebrews_____ISLICEN1DA_20.wav,þó að þið tímans vegna ættuð að vera kennarar þá hafið þið þess enn á ný
audio_data_aug/train/wavs/noise-B27___19_Revelation__ISLICEN1DA_25.wav,þá sá ég himininn opinn
audio_data_aug/train/wavs/noise-B27___14_Revelation__ISLICEN1DA_28.wav,og þeir sem tilbiðja dýrið og líkneski þess og hver sem ber merki þess
audio_data_aug/train/wavs/noise-B07___01_1CorinthiansISLICEN1DA_60.wav,í drottni
audio_data_aug/train/wavs/noise-B04___01_John________ISLICEN1DA_56.wav,sjálfur þekkti ég hann ekki
audio_data_aug/train/wavs/noise-B06___02_Romans______ISLICEN1DA_38.wav,þú prédikar að ekki skuli stela og stelur þó
audio_data_aug/train/wavs/noise-B22___03_2Peter______ISLICEN1DA_21.wav,en dagur drottins mun koma sem þjófur og þá munu himnarnir líða undir lok með miklum gný
audio_data_aug/train/wavs/noise-B03___03_Luke________ISLICEN1DA_08.wav,eins og ritað er í bók jesaja spámanns
audio_data_aug/train/wavs/noise-B04___07_John________ISLICEN1DA_115.wav,ætli nokkur af höfðingjunum hafi farið að trúa á hann eða þá af faríseum
audio_data_aug/train/wavs/noise-B08___11_2CorinthiansISLICEN1DA_09.wav,þá umberið þið það mætavel
audio_data_aug/train/wavs/noise-B04___04_John________ISLICEN1DA_57.wav,guð er andi
audio_data_aug/train/wavs/noise-B04___19_John________ISLICEN1DA_126.wav,þetta varð til þess að ritningin rættist
audio_data_aug/train/wavs/noise-B04___08_John________ISLICEN1DA_136.wav,og hefur aldrei þekkt sannleikann því í honum finnst enginn sannleikur
audio_data_aug/train/wavs/noise-B04___06_John________ISLICEN1DA_113.wav,og veitir mér líf
audio_data_aug/train/wavs/noise-B27___05_Revelation__ISLICEN1DA_16.wav,sem eru sendir út um alla jörðina
audio_data_aug/train/wavs/noise-B07___09_1CorinthiansISLICEN1DA_13.wav,hver fer nokkurn tíma í stríð á eigin kostnað
audio_data_aug/train/wavs/noise-B03___15_Luke________ISLICEN1DA_47.wav,tóku menn nú að gera sér glaðan dag
audio_data_aug/train/wavs/noise-B23___01_1John_______ISLICEN1DA_02.wav,það sem við höfum séð með augunum það sem við horfðum á og hendurnar þreifuðu á
audio_data_aug/train/wavs/noise-B02___06_Mark________ISLICEN1DA_95.wav,meðan hann sendi fólkið brott og þá er hann hafði kvatt það fór hann til fjalls að biðjast fyrir
audio_data_aug/train/wavs/noise-B08___13_2CorinthiansISLICEN1DA_14.wav,en ég vona að þið komist að raun um að ég hef staðist prófið
audio_data_aug/train/wavs/noise-B06___07_Romans______ISLICEN1DA_21.wav,ég hefði ekki vitað um girndina hefði lögmálið ekki sagt
audio_data_aug/train/wavs/noise-B03___21_Luke________ISLICEN1DA_67.wav,en hann mun koma yfir alla menn sem byggja gjörvalla jörð
audio_data_aug/train/wavs/noise-B02___03_Mark________ISLICEN1DA_07.wav,en þeir þögðu og
audio_data_aug/train/wavs/noise-B05___12_Acts________ISLICEN1DA_17.wav,far þú í yfirhöfn þína og fylg mér
audio_data_aug/train/wavs/noise-B19___02_Hebrews_____ISLICEN1DA_42.wav,til þess að hann með dauða sínum gæti að engu gert þann sem hefur mátt dauðans það er að segja djöfulinn
audio_data_aug/train/wavs/noise-B03___08_Luke________ISLICEN1DA_138.wav,trú þú aðeins og mun hún heil verða
audio_data_aug/train/wavs/noise-B03___22_Luke________ISLICEN1DA_59.wav,ég er reiðubúinn að fylgja þér bæði í fangelsi og dauða
audio_data_aug/train/wavs/noise-B21___05_1Peter______ISLICEN1DA_25.wav,söfnuðurinn í babýlon útvalinn eins og þið og markús sonur minn
audio_data_aug/train/wavs/noise-B05___15_Acts________ISLICEN1DA_47.wav,án þess vér hefðum þeim neitt um boðið
audio_data_aug/train/wavs/noise-B01___26_Matthew_____ISLICEN1DA_80.wav,jesús sagði við hann slíðra sverð þitt allir sem sverði bregða munu fyrir sverði falla
audio_data_aug/train/wavs/noise-B20___05_James_______ISLICEN1DA_41.wav,ef einhver meðal ykkar villist frá sannleikanum og einhver snýr honum aftur
audio_data_aug/train/wavs/noise-B04___13_John________ISLICEN1DA_31.wav,sá sem laugast hefur þarf ekki að þvost nema
audio_data_aug/train/wavs/noise-B05___17_Acts________ISLICEN1DA_75.wav,meðal þeirra var díónýsíus einn úr areopagus-dóminum og kona nokkur
audio_data_aug/train/wavs/noise-B05___12_Acts________ISLICEN1DA_21.wav,þeir gengu nú fram hjá innri og ytri verðinum og komu að járnhliðinu sem farið er um til borgarinnar
audio_data_aug/train/wavs/noise-B05___01_Acts________ISLICEN1DA_48.wav,einhver þeirra manna sem með okkur voru alla tíð meðan drottinn jesús gekk inn og út á meðal okkar
audio_data_aug/train/wavs/noise-B04___09_John________ISLICEN1DA_87.wav,hvaðan þessi maður er
audio_data_aug/train/wavs/noise-B02___02_Mark________ISLICEN1DA_52.wav,hvíldardagurinn varð til mannsins vegna og eigi maðurinn vegna hvíldardagsins
audio_data_aug/train/wavs/noise-B22___02_2Peter______ISLICEN1DA_31.wav,þeir fleka óstyrkar sálir hjarta þeirra hefur tamið sér ágirnd
audio_data_aug/train/wavs/noise-B19___04_Hebrews_____ISLICEN1DA_27.wav,enginn skapaður hlutur er guði hulinn allt er bert og öndvert
audio_data_aug/train/wavs/noise-B04___08_John________ISLICEN1DA_26.wav,en hún sagði
audio_data_aug/train/wavs/noise-B07___01_1CorinthiansISLICEN1DA_27.wav,skyldi páll hafa verið krossfestur fyrir ykkur
audio_data_aug/train/wavs/noise-B24___01_2John_______ISLICEN1DA_16.wav,þetta er afvegaleiðandinn og andkristurinn
audio_data_aug/train/wavs/noise-B07___01_1CorinthiansISLICEN1DA_47.wav,bæði gyðingum og grikkjum krist kraft guðs og speki guðs
audio_data_aug/train/wavs/noise-B05___25_Acts________ISLICEN1DA_28.wav,nokkrum dögum síðar komu agrippa konungur og berníke til sesareu
audio_data_aug/train/wavs/noise-B01___20_Matthew_____ISLICEN1DA_34.wav,það veitist þeim sem faðir minn hefur ákveðið
audio_data_aug/train/wavs/noise-B02___15_Mark________ISLICEN1DA_29.wav,og hræktu á hann féllu á kné og hylltu hann þegar
audio_data_aug/train/wavs/noise-B02___10_Mark________ISLICEN1DA_17.wav,menn færðu börn til jesú að hann snerti þau en lærisveinarnir átöldu þá
audio_data_aug/train/wavs/noise-B01___11_Matthew_____ISLICEN1DA_24.wav,og ekki vilduð þér dansa vér sungum yður sorgarljóð og ekki vilduð þér
audio_data_aug/train/wavs/noise-B09___02_Galatians___ISLICEN1DA_44.wav,heldur lifi guði
audio_data_aug/train/wavs/noise-B11___02_Philippians_ISLICEN1DA_13.wav,hann kom fram sem maður lægði sjálfan sig og varð hlýðinn allt til dauða
audio_data_aug/train/wavs/noise-B04___16_John________ISLICEN1DA_03.wav,já sú stund kemur að hver sem líflætur yður þykist veita guði þjónustu
audio_data_aug/train/wavs/noise-B04___08_John________ISLICEN1DA_40.wav,enda þótt ég vitni um sjálfan mig er vitnisburður minn gildur
audio_data_aug/train/wavs/noise-B01___27_Matthew_____ISLICEN1DA_49.wav,hann bragðaði það en vildi ekki drekka
audio_data_aug/train/wavs/noise-B08___06_2CorinthiansISLICEN1DA_12.wav,með heilögum anda með falslausum kærleika með orði sannleikans
audio_data_aug/train/wavs/noise-B27___04_Revelation__ISLICEN1DA_16.wav,fyrsta veran var lík ljóni önnur veran lík uxa þriðja veran hafði ásjónu sem maður
audio_data_aug/train/wavs/noise-B02___06_Mark________ISLICEN1DA_46.wav,og konungur sagði við stúlkuna
audio_data_aug/train/wavs/noise-B03___12_Luke________ISLICEN1DA_130.wav,hvers vegna kunnið þér ekki að meta það sem nú er að gerast
audio_data_aug/train/wavs/noise-B04___17_John________ISLICEN1DA_08.wav,ég hef gert þig dýrlegan á jörðu
audio_data_aug/train/wavs/noise-B04___15_John________ISLICEN1DA_28.wav,enginn á meiri kærleik en þann að leggja líf sitt í sölurnar fyrir vini sína
audio_data_aug/train/wavs/noise-B05___19_Acts________ISLICEN1DA_39.wav,þetta varð kunnugt öllum efesusbúum bæði gyðingum og grikkjum
audio_data_aug/train/wavs/noise-B03___16_Luke________ISLICEN1DA_36.wav,og ef ekki er hægt að treysta yður fyrir eigum annarra
audio_data_aug/train/wavs/noise-B01___15_Matthew_____ISLICEN1DA_22.wav,skýrðu fyrir okkur líkinguna
audio_data_aug/train/wavs/noise-B05___20_Acts________ISLICEN1DA_37.wav,frá míletus sendi hann til efesus og boðaði til sín öldunga safnaðarins
audio_data_aug/train/wavs/noise-B04___19_John________ISLICEN1DA_98.wav,jesús vissi
audio_data_aug/train/wavs/noise-B05___07_Acts________ISLICEN1DA_42.wav,næsta dag kom hann þar að sem tveir þeirra slógust hann reyndi að stilla til friðar með þeim og sagði
audio_data_aug/train/wavs/noise-B08___11_2CorinthiansISLICEN1DA_27.wav,það er því ekki mikið þótt þjónar hans taki á sig mynd réttlætisþjóna
audio_data_aug/train/wavs/noise-B05___04_Acts________ISLICEN1DA_59.wav,eigi var heldur neinn þurfandi meðal þeirra því að allir landeigendur og húseigendur
audio_data_aug/train/wavs/noise-B27___05_Revelation__ISLICEN1DA_35.wav,og allt sem í þeim er tók undir og sagði
audio_data_aug/train/wavs/noise-B03___06_Luke________ISLICEN1DA_80.wav,dæmið ekki og þér munuð eigi verða dæmd
audio_data_aug/train/wavs/noise-B05___22_Acts________ISLICEN1DA_72.wav,en páll sagði
audio_data_aug/train/wavs/noise-B04___08_John________ISLICEN1DA_66.wav,en þér munuð deyja í synd yðar
audio_data_aug/train/wavs/noise-B09___02_Galatians___ISLICEN1DA_28.wav,en
audio_data_aug/train/wavs/noise-B05___07_Acts________ISLICEN1DA_34.wav,þrjá mánuði var hann fóstraður í húsi föður síns
audio_data_aug/train/wavs/noise-B07___13_1CorinthiansISLICEN1DA_09.wav,væri ég ekki neitt
audio_data_aug/train/wavs/noise-B07___07_1CorinthiansISLICEN1DA_75.wav,þetta segi ég sjálfum ykkur til gagns ekki til þess að valda ykkur óþægindum heldur til
audio_data_aug/train/wavs/noise-B04___18_John________ISLICEN1DA_47.wav,hinn lærisveinninn sem var kunnugur æðsta prestinum
audio_data_aug/train/wavs/noise-B03___07_Luke________ISLICEN1DA_51.wav,og hann svaraði þeim
audio_data_aug/train/wavs/noise-B09___03_Galatians___ISLICEN1DA_20.wav,en
audio_data_aug/train/wavs/noise-B01___05_Matthew_____ISLICEN1DA_64.wav,því hann er hásæti guðs né við jörðina því hún er skör fóta hans
audio_data_aug/train/wavs/noise-B07___04_1CorinthiansISLICEN1DA_24.wav,krist
audio_data_aug/train/wavs/noise-B01___24_Matthew_____ISLICEN1DA_71.wav,tanna
audio_data_aug/train/wavs/noise-B03___06_Luke________ISLICEN1DA_91.wav,hvernig færð þú sagt við bróður þinn
audio_data_aug/train/wavs/noise-B27___18_Revelation__ISLICEN1DA_04.wav,og óhreinna og viðbjóðslegra fugla
audio_data_aug/train/wavs/noise-B03___18_Luke________ISLICEN1DA_21.wav,faríseinn sté fram og baðst þannig fyrir
audio_data_aug/train/wavs/noise-B22___03_2Peter______ISLICEN1DA_26.wav,þá munu himnarnir leysast sundur í eldi og frumefnin bráðna af brennandi hita
audio_data_aug/train/wavs/noise-B04___10_John________ISLICEN1DA_30.wav,líf
audio_data_aug/train/wavs/noise-B04___07_John________ISLICEN1DA_15.wav,af því ég vitna um að verk hans séu vond þið
audio_data_aug/train/wavs/noise-B01___19_Matthew_____ISLICEN1DA_23.wav,ef þú vilt inn ganga til lífsins þá haltu boðorðin
audio_data_aug/train/wavs/noise-B04___16_John________ISLICEN1DA_78.wav,lærisveinar hans sögðu
audio_data_aug/train/wavs/noise-B16___02_2Timothy____ISLICEN1DA_24.wav,og fer rétt með orð sannleikans
audio_data_aug/train/wavs/noise-B01___23_Matthew_____ISLICEN1DA_38.wav,en innan eru þær fullar af dauðra manna beinum og alls kyns óþverra
audio_data_aug/train/wavs/noise-B06___11_Romans______ISLICEN1DA_67.wav,en þá mun allur ísrael frelsast eins og ritað er
audio_data_aug/train/wavs/noise-B19___02_Hebrews_____ISLICEN1DA_31.wav,því varð hann að fullkomna með þjáningum þann jesú er skyldi leiða þau til hjálpræðis
audio_data_aug/train/wavs/noise-B02___12_Mark________ISLICEN1DA_54.wav,ekki er hann guð dauðra heldur lifenda
audio_data_aug/train/wavs/noise-B02___16_Mark________ISLICEN1DA_03.wav,og mjög árla hinn fyrsta dag vikunnar um sólarupprás koma þær að gröfinni
audio_data_aug/train/wavs/noise-B03___23_Luke________ISLICEN1DA_24.wav,á þeim degi urðu þeir heródes og pílatus vinir en áður var fjandskapur með þeim
audio_data_aug/train/wavs/noise-B09___03_Galatians___ISLICEN1DA_18.wav,því að ritað er
audio_data_aug/train/wavs/noise-B03___12_Luke________ISLICEN1DA_123.wav,nú fer að rigna
audio_data_aug/train/wavs/noise-B03___03_Luke________ISLICEN1DA_32.wav,en hann sagði við þá
audio_data_aug/train/wavs/noise-B03___22_Luke________ISLICEN1DA_45.wav,heldur sé hinn mesti yðar á meðal sem væri hann yngstur og foringinn
audio_data_aug/train/wavs/noise-B16___01_2Timothy____ISLICEN1DA_13.wav,fyrirverð þig því ekki fyrir vitnisburðinn um drottin vorn né fyrir mig bandingja hans
audio_data_aug/train/wavs/noise-B05___05_Acts________ISLICEN1DA_20.wav,þú heyrir við dyrnar fótatak þeirra sem greftruðu mann þinn þeir munu bera þig út
audio_data_aug/train/wavs/noise-B08___11_2CorinthiansISLICEN1DA_28.wav,afdrif þeirra munu verða samkvæmt verkum þeirra enn segi ég
audio_data_aug/train/wavs/noise-B01___13_Matthew_____ISLICEN1DA_59.wav,óvinurinn sem sáði því er djöfullinn
audio_data_aug/train/wavs/noise-B05___19_Acts________ISLICEN1DA_12.wav,jóhannes skírði iðrunarskírn og sagði fólkinu að trúa á þann sem eftir sig kæmi
audio_data_aug/train/wavs/noise-B03___01_Luke________ISLICEN1DA_35.wav,og er þjónustudagar hans voru liðnir fór hann heim til sín
audio_data_aug/train/wavs/noise-B05___13_Acts________ISLICEN1DA_19.wav,ætlar þú aldrei að hætta að rangsnúa réttum vegum drottins
audio_data_aug/train/wavs/noise-B04___06_John________ISLICEN1DA_77.wav,því sá er vilji föður míns að hver sem sér soninn og trúir á hann
audio_data_aug/train/wavs/noise-B02___03_Mark________ISLICEN1DA_32.wav,og júdas ískaríot þann er sveik
audio_data_aug/train/wavs/noise-B04___03_John________ISLICEN1DA_04.wav,enginn getur gert þessi tákn sem þú gerir nema guð sé með honum
audio_data_aug/train/wavs/noise-B24___01_2John_______ISLICEN1DA_19.wav,sérhver sem fer sínu fram og er ekki staðfastur í kenningu krists
audio_data_aug/train/wavs/noise-B09___02_Galatians___ISLICEN1DA_26.wav,en er þeir komu dró hann sig í hlé og tók sig út úr af ótta við þá sem héldu fram umskurninni
audio_data_aug/train/wavs/noise-B05___05_Acts________ISLICEN1DA_61.wav,síðan sagði hann
audio_data_aug/train/wavs/noise-B03___12_Luke________ISLICEN1DA_16.wav,hárin á höfði yðar eru jafnvel öll talin
audio_data_aug/train/wavs/noise-B05___28_Acts________ISLICEN1DA_23.wav,kristnir menn þar fréttu um okkur og komu til móts við okkur allt til appíusartorgs og þríbúða
audio_data_aug/train/wavs/noise-B08___11_2CorinthiansISLICEN1DA_20.wav,er það af því að ég elska ykkur ekki nei
audio_data_aug/train/wavs/noise-B04___11_John________ISLICEN1DA_74.wav,en jesús var ekki enn kominn til þorpsins heldur var hann enn á
audio_data_aug/train/wavs/noise-B04___19_John________ISLICEN1DA_86.wav,þeir skiptu með sér klæðum mínum og köstuðu hlut um kyrtil minn
audio_data_aug/train/wavs/noise-B17___01_Titus_______ISLICEN1DA_25.wav,allir hlutir eru hreinum hreinir en flekkuðum og vantrúuðum er ekkert hreint
audio_data_aug/train/wavs/noise-B03___23_Luke________ISLICEN1DA_96.wav,maður er nefndur jósef
audio_data_aug/train/wavs/noise-B13___03_1Thess______ISLICEN1DA_16.wav,hvernig get ég nógsamlega þakkað guði fyrir alla þá gleði er hann lét ykkur veita mér
audio_data_aug/train/wavs/noise-B02___08_Mark________ISLICEN1DA_24.wav,hann andvarpaði þungan og mælti hví heimtar þessi kynslóð tákn
audio_data_aug/train/wavs/noise-B23___02_1John_______ISLICEN1DA_28.wav,frá upphafi
audio_data_aug/train/wavs/noise-B03___05_Luke________ISLICEN1DA_08.wav,meistari
audio_data_aug/train/wavs/noise-B01___09_Matthew_____ISLICEN1DA_61.wav,og læknaði hvers kyns sjúkdóm og veikindi en er jesús sá mannfjöldann
audio_data_aug/train/wavs/noise-B02___02_Mark________ISLICEN1DA_34.wav,þá koma menn til jesú og spyrja hann hví fasta lærisveinar jóhannesar og lærisveinar farísea
audio_data_aug/train/wavs/noise-B27___17_Revelation__ISLICEN1DA_12.wav,og ég undraðist stórlega er ég leit hana
audio_data_aug/train/wavs/noise-B03___20_Luke________ISLICEN1DA_63.wav,og létu þeir engin börn eftir sig er þeir dóu
audio_data_aug/train/wavs/noise-B02___02_Mark________ISLICEN1DA_29.wav,jesús heyrði þetta og svaraði þeim
audio_data_aug/train/wavs/noise-B05___03_Acts________ISLICEN1DA_49.wav,eruð börn spámannanna og eigið hlut í sáttmálanum sem guð gerði við forfeður ykkar
audio_data_aug/train/wavs/noise-B03___16_Luke________ISLICEN1DA_71.wav,þá bið ég þig faðir
audio_data_aug/train/wavs/noise-B05___02_Acts________ISLICEN1DA_17.wav,og við sem hingað erum flutt frá róm hér eru bæði gyðingar og þeir sem tekið hafa trú gyðinga
audio_data_aug/train/wavs/noise-B04___06_John________ISLICEN1DA_142.wav,símon pétur svaraði honum
audio_data_aug/train/wavs/noise-B13___05_1Thess______ISLICEN1DA_08.wav,þið eruð öll börn ljóssins og börn dagsins við heyrum ekki nóttunni til eða myrkrinu
audio_data_aug/train/wavs/noise-B02___08_Mark________ISLICEN1DA_65.wav,pétur svaraði honum
audio_data_aug/train/wavs/noise-B05___19_Acts________ISLICEN1DA_17.wav,þessir menn voru alls um tólf
audio_data_aug/train/wavs/noise-B21___02_1Peter______ISLICEN1DA_38.wav,því að hvað er lofsvert við það að sýna þolgæði er þið sætið barsmíðum fyrir afbrot
audio_data_aug/train/wavs/noise-B05___05_Acts________ISLICEN1DA_72.wav,en sé það frá guði
audio_data_aug/train/wavs/noise-B09___03_Galatians___ISLICEN1DA_13.wav,ritningin sá það fyrir að guð mundi réttlæta heiðingjana fyrir trú
audio_data_aug/train/wavs/noise-B04___20_John________ISLICEN1DA_67.wav,eins og faðirinn hefur sent mig
audio_data_aug/train/wavs/noise-B08___11_2CorinthiansISLICEN1DA_04.wav,kristi og vil leiða fram fyrir hann hreina mey
audio_data_aug/train/wavs/noise-B06___05_Romans______ISLICEN1DA_17.wav,hafi guð þegar við vorum óvinir hans tekið okkur í sátt með dauða sonar síns
audio_data_aug/train/wavs/noise-B07___15_1CorinthiansISLICEN1DA_38.wav,kristur er frumgróðinn næst koma þeir sem játa hann þegar hann
audio_data_aug/train/wavs/noise-B07___14_1CorinthiansISLICEN1DA_62.wav,andar spámanna eru spámönnum undirgefnir því að guð er guð friðar ekki truflunar
audio_data_aug/train/wavs/noise-B03___23_Luke________ISLICEN1DA_14.wav,þegar pílatus heyrði þetta spurði hann hvort maðurinn væri galílei
audio_data_aug/train/wavs/noise-B05___13_Acts________ISLICEN1DA_73.wav,að sérhver er trúir réttlætist í honum af öllu því er lögmál móse
audio_data_aug/train/wavs/noise-B03___18_Luke________ISLICEN1DA_48.wav,þú kannt boðorðin þú skalt ekki drýgja hór þú skalt ekki morð fremja þú skalt ekki stela
audio_data_aug/train/wavs/noise-B03___24_Luke________ISLICEN1DA_88.wav,en það varð meðan hann var að blessa þau
audio_data_aug/train/wavs/noise-B02___05_Mark________ISLICEN1DA_25.wav,en jesús leyfði honum það eigi heldur sagði
audio_data_aug/train/wavs/noise-B03___02_Luke________ISLICEN1DA_58.wav,hún hafði lifað sjö ár með manni sínum þegar hann dó og síðan verið ekkja fram á áttatíu og fjögurra ára aldur
audio_data_aug/train/wavs/noise-B02___15_Mark________ISLICEN1DA_17.wav,en æðstu prestarnir æstu múginn til að heimta að hann gæfi þeim heldur barabbas lausan
audio_data_aug/train/wavs/noise-B02___06_Mark________ISLICEN1DA_21.wav,hann bauð þeim að taka ekkert til ferðarinnar annað en staf ekki brauð
audio_data_aug/train/wavs/noise-B03___22_Luke________ISLICEN1DA_119.wav,þessi maður var líka með honum
audio_data_aug/train/wavs/noise-B02___05_Mark________ISLICEN1DA_36.wav,að hún læknist og lifi
audio_data_aug/train/wavs/noise-B04___19_John________ISLICEN1DA_60.wav,hermennirnir atóku þá við jesú
audio_data_aug/train/wavs/noise-B04___15_John________ISLICEN1DA_29.wav,þér eruð vinir mínir
audio_data_aug/train/wavs/noise-B03___16_Luke________ISLICEN1DA_09.wav,nú sé ég hvað ég geri til þess að menn taki við mér í hús sín þegar ég verð sviptur ráðsmennskunni
audio_data_aug/train/wavs/noise-B01___27_Matthew_____ISLICEN1DA_45.wav,þá leiddu þeir hann út til að krossfesta hann
audio_data_aug/train/wavs/noise-B03___20_Luke________ISLICEN1DA_58.wav,móse segir okkur í ritningunum að deyi maður kvæntur en barnlaus skuli bróðir hans ganga að eiga ekkjuna
audio_data_aug/train/wavs/noise-B04___18_John________ISLICEN1DA_21.wav,að hverjum leitið þið
audio_data_aug/train/wavs/noise-B04___09_John________ISLICEN1DA_92.wav,hann bænheyrir hvern þann sem er guðrækinn og fer að guðs vilja
audio_data_aug/train/wavs/noise-B05___15_Acts________ISLICEN1DA_13.wav,eftir mikla umræðu reis pétur upp og sagði við þá
audio_data_aug/train/wavs/noise-B07___15_1CorinthiansISLICEN1DA_87.wav,eins og hinn jarðneski var þannig eru og hinir jarðnesku og eins og hinn himneski
audio_data_aug/train/wavs/noise-B23___04_1John_______ISLICEN1DA_08.wav,en sérhver andi sem ekki játar jesú er ekki frá guði
audio_data_aug/train/wavs/noise-B03___17_Luke________ISLICEN1DA_28.wav,og galíleu
audio_data_aug/train/wavs/noise-B01___13_Matthew_____ISLICEN1DA_25.wav,því að hjarta lýðs þessa er sljótt orðið og illa heyra þeir með eyrum sínum
audio_data_aug/train/wavs/noise-B04___06_John________ISLICEN1DA_90.wav,kemur til mín
audio_data_aug/train/wavs/noise-B04___11_John________ISLICEN1DA_71.wav,að svo mæltu fór hún kallaði á maríu systur sína og sagði í hljóði
audio_data_aug/train/wavs/noise-B02___05_Mark________ISLICEN1DA_12.wav,hinn svaraði hersing heiti ég við erum margir og hann bað jesú ákaft að senda þá ekki brott úr héraðinu
audio_data_aug/train/wavs/noise-B03___21_Luke________ISLICEN1DA_66.wav,svo að sá dagur komi ekki skyndilega yfir yður eins og snara
audio_data_aug/train/wavs/noise-B05___16_Acts________ISLICEN1DA_60.wav,síðan leiddi hann þá út og sagði
audio_data_aug/train/wavs/noise-B03___05_Luke________ISLICEN1DA_14.wav,þeir komu og hlóðu báða bátana svo að nær voru sokknir
audio_data_aug/train/wavs/noise-B02___08_Mark________ISLICEN1DA_70.wav,mannssonurinn á margt að líða
audio_data_aug/train/wavs/noise-B03___23_Luke________ISLICEN1DA_25.wav,pílatus kallaði nú saman æðstu prestana höfðingjana og fólkið og mælti
audio_data_aug/train/wavs/noise-B04___13_John________ISLICEN1DA_86.wav,orðinn og guð er orðinn dýrlegur í honum
audio_data_aug/train/wavs/noise-B08___12_2CorinthiansISLICEN1DA_44.wav,komum við ekki fram í einum og sama anda
audio_data_aug/train/wavs/noise-B09___02_Galatians___ISLICEN1DA_08.wav,þeir vildu hneppa okkur í þrældóm
audio_data_aug/train/wavs/noise-B14___03_2Thess______ISLICEN1DA_13.wav,ekki var ég iðjulaus hjá ykkur var ekki heldur upp á aðra kominn
audio_data_aug/train/wavs/noise-B03___20_Luke________ISLICEN1DA_25.wav,en er vínyrkjarnir sáu hann báru þeir saman ráð sín og sögðu
audio_data_aug/train/wavs/noise-B06___08_Romans______ISLICEN1DA_09.wav,fær að leiða en ekki sjálfshyggjan
audio_data_aug/train/wavs/noise-B02___07_Mark________ISLICEN1DA_23.wav,og margt annað gerið þið þessu líkt
audio_data_aug/train/wavs/noise-B05___23_Acts________ISLICEN1DA_51.wav,hann kallaði fyrir sig tvo hundraðshöfðingja og sagði
audio_data_aug/train/wavs/noise-B01___24_Matthew_____ISLICEN1DA_55.wav,en þann dag og stund veit enginn hvorki englar á himnum né sonurinn
audio_data_aug/train/wavs/noise-B19___11_Hebrews_____ISLICEN1DA_08.wav,bar vitni um fórn hans
audio_data_aug/train/wavs/noise-B25___01_3John_______ISLICEN1DA_29.wav,vinirnir biðja að heilsa þér heilsa þú vinunum hverjum fyrir sig
audio_data_aug/train/wavs/noise-B06___07_Romans______ISLICEN1DA_45.wav,er það ekki framar ég sjálfur sem geri þetta heldur syndin
audio_data_aug/train/wavs/noise-B04___01_John________ISLICEN1DA_90.wav,filippus fann natanael og sagði við hann
audio_data_aug/train/wavs/noise-B05___02_Acts________ISLICEN1DA_54.wav,óhikað get ég talað við ykkur um ættföðurinn davíð
audio_data_aug/train/wavs/noise-B03___14_Luke________ISLICEN1DA_76.wav,og ráðgast um hvort honum sé fært að mæta með tíu þúsundum þeim er fer á móti honum
audio_data_aug/train/wavs/noise-B04___15_John________ISLICEN1DA_36.wav,ég hef ákvarðað yður til að fara og bera ávöxt
audio_data_aug/train/wavs/noise-B06___14_Romans______ISLICEN1DA_04.wav,sá sem neytir skal ekki fyrirlíta hinn sem neytir ekki og sá sem neytir ekki skal ekki dæma þann sem neytir
audio_data_aug/train/wavs/noise-B07___12_1CorinthiansISLICEN1DA_47.wav,guð hefur gefið öllum sitt hlutverk í kirkjunni
audio_data_aug/train/wavs/noise-B05___23_Acts________ISLICEN1DA_07.wav,hér situr þú til að dæma mig samkvæmt lögmálinu og skipar þó þvert ofan í lögmálið að slá mig
audio_data_aug/train/wavs/noise-B03___23_Luke________ISLICEN1DA_82.wav,sannlega segi ég þér
audio_data_aug/train/wavs/noise-B08___03_2CorinthiansISLICEN1DA_25.wav,en hugur þeirra varð sljór
audio_data_aug/train/wavs/noise-B20___05_James_______ISLICEN1DA_18.wav,dómarinn stendur fyrir dyrum
audio_data_aug/train/wavs/noise-B03___18_Luke________ISLICEN1DA_72.wav,eilíft líf
audio_data_aug/train/wavs/noise-B26___01_Jude________ISLICEN1DA_30.wav,þeir eru smánarblettur á kærleiksmáltíðum ykkar er þeir sitja að veislum með ykkur
audio_data_aug/train/wavs/noise-B05___19_Acts________ISLICEN1DA_52.wav,demetríus hét maður og var silfursmiður
audio_data_aug/train/wavs/noise-B09___02_Galatians___ISLICEN1DA_50.wav,til einskis
audio_data_aug/train/wavs/noise-B04___06_John________ISLICEN1DA_62.wav,gef okkur ætíð þetta brauð
audio_data_aug/train/wavs/noise-B04___19_John________ISLICEN1DA_18.wav,og samkvæmt lögmálinu á hann að deyja
audio_data_aug/train/wavs/noise-B27___14_Revelation__ISLICEN1DA_12.wav,og í munni þeirra var enga lygi að finna
audio_data_aug/train/wavs/noise-B04___03_John________ISLICEN1DA_08.wav,nema hann fæðist að nýju
audio_data_aug/train/wavs/noise-B03___22_Luke________ISLICEN1DA_77.wav,og hann sagði við þá
audio_data_aug/train/wavs/noise-B13___05_1Thess______ISLICEN1DA_02.wav,þið vitið það sjálf gjörla að dagur drottins kemur sem þjófur á nóttu þegar
audio_data_aug/train/wavs/noise-B06___06_Romans______ISLICEN1DA_03.wav,fjarri fer því
audio_data_aug/train/wavs/noise-B02___05_Mark________ISLICEN1DA_31.wav,þar sem hann var við vatnið
audio_data_aug/train/wavs/noise-B19___09_Hebrews_____ISLICEN1DA_17.wav,með því sýnir heilagur andi að vegurinn til hins heilaga er enn eigi kunnur orðinn
audio_data_aug/train/wavs/noise-B03___01_Luke________ISLICEN1DA_04.wav,göfugi þeófílus
audio_data_aug/train/wavs/noise-B05___07_Acts________ISLICEN1DA_47.wav,við þessi orð flýði móse og settist að sem útlendingur í midíanslandi
audio_data_aug/train/wavs/noise-B22___02_2Peter______ISLICEN1DA_12.wav,ekki þyrmdi hann hinum forna heimi
audio_data_aug/train/wavs/noise-B03___20_Luke________ISLICEN1DA_82.wav,hvernig geta menn sagt að kristur sé sonur davíðs
audio_data_aug/train/wavs/noise-B02___05_Mark________ISLICEN1DA_67.wav,en menn hlógu að honum
audio_data_aug/train/wavs/noise-B03___08_Luke________ISLICEN1DA_96.wav,komu til jesú og fundu manninn sem illu andarnir höfðu farið úr
audio_data_aug/train/wavs/noise-B26___01_Jude________ISLICEN1DA_32.wav,þeir eru eins og vatnslaus ský sem rekast fyrir vindum eins og tré sem bera ekki ávöxt að hausti
audio_data_aug/train/wavs/noise-B04___16_John________ISLICEN1DA_27.wav,en þegar andi sannleikans kemur mun hann leiða yður í allan sannleikann
audio_data_aug/train/wavs/noise-B04___08_John________ISLICEN1DA_14.wav,þegar þeir héldu áfram að spyrja hann rétti hann sig upp og sagði við þá
audio_data_aug/train/wavs/noise-B02___01_Mark________ISLICEN1DA_50.wav,tók í hönd henni og reisti hana á fætur
audio_data_aug/train/wavs/noise-B08___11_2CorinthiansISLICEN1DA_60.wav,úr höndum hans
audio_data_aug/train/wavs/noise-B02___02_Mark________ISLICEN1DA_32.wav,ég er ekki kominn til að kalla réttláta heldur syndara
audio_data_aug/train/wavs/noise-B14___03_2Thess______ISLICEN1DA_15.wav,ekki af því að ég hafi ekki rétt til þess heldur til þess að ég gæti verið ykkur fyrirmynd að breyta eftir
audio_data_aug/train/wavs/noise-B04___05_John________ISLICEN1DA_47.wav,þannig lífgar og sonurinn þá sem hann vill enda dæmir faðirinn engan
audio_data_aug/train/wavs/noise-B05___20_Acts________ISLICEN1DA_29.wav,þar ætluðum við að taka pál
audio_data_aug/train/wavs/noise-B27___06_Revelation__ISLICEN1DA_34.wav,og stjörnur himinsins hröpuðu niður á jörðina eins og þegar fíkjutré
audio_data_aug/train/wavs/noise-B01___16_Matthew_____ISLICEN1DA_12.wav,að þið hafið ekki brauð
audio_data_aug/train/wavs/noise-B08___13_2CorinthiansISLICEN1DA_13.wav,það skyldi vera að þið stæðust ekki prófið
audio_data_aug/train/wavs/noise-B03___07_Luke________ISLICEN1DA_72.wav,hann á að ryðja þér braut
audio_data_aug/train/wavs/noise-B01___12_Matthew_____ISLICEN1DA_43.wav,er guðs ríki þegar yfir yður komið
audio_data_aug/train/wavs/noise-B05___13_Acts________ISLICEN1DA_44.wav,en áður en hann kom fram boðaði jóhannes öllum ísraelsmönnum að taka sinnaskiptum
audio_data_aug/train/wavs/noise-B01___14_Matthew_____ISLICEN1DA_35.wav,hví efaðist þú þeir stigu í bátinn og þá lægði vindinn
audio_data_aug/train/wavs/noise-B05___17_Acts________ISLICEN1DA_28.wav,leiðsögumenn páls fylgdu honum allt til aþenu og sneru aftur með boð til sílasar og tímóteusar
audio_data_aug/train/wavs/noise-B05___05_Acts________ISLICEN1DA_27.wav,og enn fleiri karlar og konur trúðu á drottin og bættust við söfnuðinn
audio_data_aug/train/wavs/noise-B03___09_Luke________ISLICEN1DA_74.wav,og tveir menn voru á tali við hann
audio_data_aug/train/wavs/noise-B02___01_Mark________ISLICEN1DA_12.wav,ég hef skírt ykkur með vatni
audio_data_aug/train/wavs/noise-B05___14_Acts________ISLICEN1DA_33.wav,þá komu gyðingar frá antíokkíu og íkóníum töldu þeir fólkið á sitt mál
audio_data_aug/train/wavs/noise-B05___19_Acts________ISLICEN1DA_23.wav,og síðan talaði hann daglega í skóla týrannusar
audio_data_aug/train/wavs/noise-B01___27_Matthew_____ISLICEN1DA_36.wav,og allur lýðurinn sagði komi blóð hans yfir okkur og yfir börn okkar
audio_data_aug/train/wavs/noise-B03___12_Luke________ISLICEN1DA_73.wav,og kvíðið engu
audio_data_aug/train/wavs/noise-B02___15_Mark________ISLICEN1DA_67.wav,sannarlega var þessi maður sonur guðs þar
audio_data_aug/train/wavs/noise-B04___12_John________ISLICEN1DA_48.wav,að þið ráðið ekki við neitt
audio_data_aug/train/wavs/noise-B08___12_2CorinthiansISLICEN1DA_26.wav,þið hafið neytt mig til þess það
audio_data_aug/train/wavs/noise-B03___18_Luke________ISLICEN1DA_20.wav,hinn tollheimtumaður
audio_data_aug/train/wavs/noise-B06___04_Romans______ISLICEN1DA_09.wav,fær trú sína metna sér til réttlætis
audio_data_aug/train/wavs/noise-B27___14_Revelation__ISLICEN1DA_27.wav,og reykurinn frá kvalastað þeirra stígur upp um aldir alda
audio_data_aug/train/wavs/noise-B22___02_2Peter______ISLICEN1DA_39.wav,þeirra bíður dýpsta myrkur
audio_data_aug/train/wavs/noise-B05___10_Acts________ISLICEN1DA_70.wav,þið þekkið orðið sem hann sendi börnum ísraels þegar hann flutti fagnaðarerindið um frið fyrir jesú krist sem er drottinn allra
audio_data_aug/train/wavs/noise-B02___01_Mark________ISLICEN1DA_69.wav,en maðurinn gekk burt og ræddi margt um þetta og víðfrægði mjög svo
audio_data_aug/train/wavs/noise-B03___18_Luke________ISLICEN1DA_52.wav,jesús heyrði þetta sagði hann við hann
audio_data_aug/train/wavs/noise-B04___07_John________ISLICEN1DA_109.wav,nú komu þjónarnir til æðstu prestanna og faríseanna sem sögðu við þá
audio_data_aug/train/wavs/noise-B05___21_Acts________ISLICEN1DA_85.wav,kannt þú grísku
audio_data_aug/train/wavs/noise-B13___02_1Thess______ISLICEN1DA_20.wav,vitið hvernig ég lagði að ykkur og hvatti og grátbændi hvert og eitt ykkar eins og faðir börn sín
audio_data_aug/train/wavs/noise-B03___08_Luke________ISLICEN1DA_77.wav,féll fram fyrir honum og hrópaði hárri röddu
audio_data_aug/train/wavs/noise-B19___03_Hebrews_____ISLICEN1DA_07.wav,á meiri heiður en húsið sjálft
audio_data_aug/train/wavs/noise-B07___15_1CorinthiansISLICEN1DA_17.wav,ef
audio_data_aug/train/wavs/noise-B03___16_Luke________ISLICEN1DA_77.wav,hlýði þeir þeim
audio_data_aug/train/wavs/noise-B04___07_John________ISLICEN1DA_58.wav,er þetta ekki sá sem þeir sitja um að lífláta og nú er hann að tala á almannafæri og þeir segja ekkert við hann
audio_data_aug/train/wavs/noise-B05___19_Acts________ISLICEN1DA_59.wav,hann segir að eigi séu það neinir guðir sem með höndum eru gerðir
audio_data_aug/train/wavs/noise-B03___19_Luke________ISLICEN1DA_13.wav,helming eigna minna gef ég fátækum
audio_data_aug/train/wavs/noise-B05___25_Acts________ISLICEN1DA_42.wav,og spurði pál hvort hann vildi fara til jerúsalem og láta dæma málið þar
audio_data_aug/train/wavs/noise-B05___15_Acts________ISLICEN1DA_44.wav,postularnir og öldungarnir bræður yðar senda kristnum mönnum í antíokkíu
audio_data_aug/train/wavs/noise-B23___02_1John_______ISLICEN1DA_73.wav,er barn guðs
audio_data_aug/train/wavs/noise-B17___01_Titus_______ISLICEN1DA_28.wav,verks
audio_data_aug/train/wavs/noise-B01___08_Matthew_____ISLICEN1DA_32.wav,annar úr hópi lærisveinanna sagði við hann drottinn leyf mér fyrst að fara og jarða föður minn
audio_data_aug/train/wavs/noise-B02___14_Mark________ISLICEN1DA_158.wav,áður en hani galar tvisvar
audio_data_aug/train/wavs/noise-B07___10_1CorinthiansISLICEN1DA_03.wav,allir voru þeir skírðir í skýinu og hafinu til fylgdar við móse
audio_data_aug/train/wavs/noise-B25___01_3John_______ISLICEN1DA_02.wav,ég bið þess minn elskaði að þér vegni vel í öllu þú sért heill heilsu
audio_data_aug/train/wavs/noise-B23___02_1John_______ISLICEN1DA_70.wav,átt djörfung og blygðumst okkar ekki fyrir honum þegar hann kemur
audio_data_aug/train/wavs/noise-B05___13_Acts________ISLICEN1DA_89.wav,ég hef sett þig til að vera ljós heiðinna þjóða
audio_data_aug/train/wavs/noise-B03___14_Luke________ISLICEN1DA_01.wav,hvíldardag nokkurn kom jesús í hús eins af höfðingjum farísea til máltíðar
